state,year,quarter,insurance_type,quarterly_policies,quarterly_premium,avg_premium_per_policy,prev_quarter_policies,qoq_growth_rate
Andaman & Nicobar Islands,2024,4,TOTAL,1293,2026380.0,1567.19,1191.0,8.56
Andhra Pradesh,2024,4,TOTAL,61425,80028914.0,1302.87,48014.0,27.93
Arunachal Pradesh,2024,4,TOTAL,999,2359472.0,2361.83,842.0,18.65
Assam,2024,4,TOTAL,21805,35336229.0,1620.56,17633.0,23.66
Bihar,2024,4,TOTAL,62662,83739800.0,1336.37,44745.0,40.04
Chandigarh,2024,4,TOTAL,2095,3729932.0,1780.4,1991.0,5.22
Chhattisgarh,2024,4,TOTAL,22723,37421165.0,1646.84,16550.0,37.3
Dadra & Nagar Haveli & Daman & Diu,2024,4,TOTAL,1503,2292529.0,1525.3,1052.0,42.87
Delhi,2024,4,TOTAL,67962,94390728.0,1388.88,49150.0,38.27
Goa,2024,4,TOTAL,6662,9903374.0,1486.55,5354.0,24.43
Gujarat,2024,4,TOTAL,62526,91858105.0,1469.12,46763.0,33.71
Haryana,2024,4,TOTAL,58808,94316512.0,1603.8,49735.0,18.24
Himachal Pradesh,2024,4,TOTAL,6697,14090523.0,2104.01,5272.0,27.03
Jammu & Kashmir,2024,4,TOTAL,8893,18252110.0,2052.41,7597.0,17.06
Jharkhand,2024,4,TOTAL,29079,42253614.0,1453.06,23629.0,23.06
Karnataka,2024,4,TOTAL,183532,305861806.0,1666.53,174990.0,4.88
Kerala,2024,4,TOTAL,89533,144083113.0,1609.27,79123.0,13.16
Ladakh,2024,4,TOTAL,429,970334.0,2261.85,446.0,-3.81
Lakshadweep,2024,4,TOTAL,159,185542.0,1166.93,49.0,224.49
Madhya Pradesh,2024,4,TOTAL,59688,101096769.0,1693.75,43248.0,38.01
Maharashtra,2024,4,TOTAL,168078,266942711.0,1588.21,119776.0,40.33
Manipur,2024,4,TOTAL,405,826159.0,2039.9,285.0,42.11
Meghalaya,2024,4,TOTAL,1313,2493656.0,1899.2,1140.0,15.18
Mizoram,2024,4,TOTAL,489,811687.0,1659.89,186.0,162.9
Nagaland,2024,4,TOTAL,568,1168417.0,2057.07,410.0,38.54
Odisha,2024,4,TOTAL,33165,46973224.0,1416.35,26524.0,25.04
Puducherry,2024,4,TOTAL,2838,3896033.0,1372.81,2600.0,9.15
Punjab,2024,4,TOTAL,16279,31878987.0,1958.29,15509.0,4.96
Rajasthan,2024,4,TOTAL,73530,127930986.0,1739.85,64533.0,13.94
Sikkim,2024,4,TOTAL,599,1381680.0,2306.64,461.0,29.93
Tamil Nadu,2024,4,TOTAL,127002,173784251.0,1368.36,116867.0,8.67
Telangana,2024,4,TOTAL,78498,124755619.0,1589.28,64873.0,21.0
Tripura,2024,4,TOTAL,2794,3765732.0,1347.79,2516.0,11.05
Uttar Pradesh,2024,4,TOTAL,116589,199179867.0,1708.39,92930.0,25.46
Uttarakhand,2024,4,TOTAL,13090,23367549.0,1785.15,10487.0,24.82
West Bengal,2024,4,TOTAL,91719,120602777.0,1314.92,77158.0,18.87
Andaman & Nicobar Islands,2024,3,TOTAL,1191,1752800.0,1471.7,1097.0,8.57
Andhra Pradesh,2024,3,TOTAL,48014,73915199.0,1539.45,42547.0,12.85
Arunachal Pradesh,2024,3,TOTAL,842,1951385.0,2317.56,1147.0,-26.59
Assam,2024,3,TOTAL,17633,31388971.0,1780.13,22368.0,-21.17
Bihar,2024,3,TOTAL,44745,62777286.0,1403.0,49101.0,-8.87
Chandigarh,2024,3,TOTAL,1991,3445738.0,1730.66,1798.0,10.73
Chhattisgarh,2024,3,TOTAL,16550,27724060.0,1675.17,15724.0,5.25
Dadra & Nagar Haveli & Daman & Diu,2024,3,TOTAL,1052,1602869.0,1523.64,1008.0,4.37
Delhi,2024,3,TOTAL,49150,71139489.0,1447.4,46189.0,6.41
Goa,2024,3,TOTAL,5354,8051690.0,1503.86,5021.0,6.63
Gujarat,2024,3,TOTAL,46763,70950327.0,1517.23,44007.0,6.26
Haryana,2024,3,TOTAL,49735,79198642.0,1592.41,46085.0,7.92
Himachal Pradesh,2024,3,TOTAL,5272,10538999.0,1999.05,5194.0,1.5
Jammu & Kashmir,2024,3,TOTAL,7597,15554635.0,2047.47,7397.0,2.7
Jharkhand,2024,3,TOTAL,23629,34353146.0,1453.86,22224.0,6.32
Karnataka,2024,3,TOTAL,174990,287393291.0,1642.34,142599.0,22.71
Kerala,2024,3,TOTAL,79123,131721699.0,1664.77,65271.0,21.22
Ladakh,2024,3,TOTAL,446,978637.0,2194.25,415.0,7.47
Lakshadweep,2024,3,TOTAL,49,55312.0,1128.82,26.0,88.46
Madhya Pradesh,2024,3,TOTAL,43248,77995668.0,1803.45,41429.0,4.39
Maharashtra,2024,3,TOTAL,119776,201319952.0,1680.8,118933.0,0.71
Manipur,2024,3,TOTAL,285,587893.0,2062.78,346.0,-17.63
Meghalaya,2024,3,TOTAL,1140,2443878.0,2143.75,1235.0,-7.69
Mizoram,2024,3,TOTAL,186,275746.0,1482.51,214.0,-13.08
Nagaland,2024,3,TOTAL,410,820539.0,2001.31,418.0,-1.91
Odisha,2024,3,TOTAL,26524,40608651.0,1531.02,24579.0,7.91
Puducherry,2024,3,TOTAL,2600,3968523.0,1526.36,2304.0,12.85
Punjab,2024,3,TOTAL,15509,30111034.0,1941.52,14129.0,9.77
Rajasthan,2024,3,TOTAL,64533,108827800.0,1686.39,55241.0,16.82
Sikkim,2024,3,TOTAL,461,1029398.0,2232.97,685.0,-32.7
Tamil Nadu,2024,3,TOTAL,116867,162128271.0,1387.29,97348.0,20.05
Telangana,2024,3,TOTAL,64873,110715264.0,1706.65,56941.0,13.93
Tripura,2024,3,TOTAL,2516,3323343.0,1320.88,2188.0,14.99
Uttar Pradesh,2024,3,TOTAL,92930,157303596.0,1692.71,92458.0,0.51
Uttarakhand,2024,3,TOTAL,10487,17860144.0,1703.07,10311.0,1.71
West Bengal,2024,3,TOTAL,77158,107451766.0,1392.62,67048.0,15.08
Andaman & Nicobar Islands,2024,2,TOTAL,1097,1744694.0,1590.42,1371.0,-19.99
Andhra Pradesh,2024,2,TOTAL,42547,62948281.0,1479.5,46582.0,-8.66
Arunachal Pradesh,2024,2,TOTAL,1147,2353015.0,2051.45,1100.0,4.27
Assam,2024,2,TOTAL,22368,34796603.0,1555.64,33097.0,-32.42
Bihar,2024,2,TOTAL,49101,65285065.0,1329.61,51592.0,-4.83
Chandigarh,2024,2,TOTAL,1798,3177315.0,1767.14,1730.0,3.93
Chhattisgarh,2024,2,TOTAL,15724,25935743.0,1649.44,19579.0,-19.69
Dadra & Nagar Haveli & Daman & Diu,2024,2,TOTAL,1008,1367259.0,1356.41,1295.0,-22.16
Delhi,2024,2,TOTAL,46189,68046072.0,1473.21,53050.0,-12.93
Goa,2024,2,TOTAL,5021,7178558.0,1429.71,5225.0,-3.9
Gujarat,2024,2,TOTAL,44007,63866463.0,1451.28,44665.0,-1.47
Haryana,2024,2,TOTAL,46085,74779879.0,1622.65,50391.0,-8.55
Himachal Pradesh,2024,2,TOTAL,5194,10008705.0,1926.97,5430.0,-4.35
Jammu & Kashmir,2024,2,TOTAL,7397,14237707.0,1924.79,7313.0,1.15
Jharkhand,2024,2,TOTAL,22224,32245129.0,1450.91,24824.0,-10.47
Karnataka,2024,2,TOTAL,142599,239304982.0,1678.17,169357.0,-15.8
Kerala,2024,2,TOTAL,65271,108142369.0,1656.82,73106.0,-10.72
Ladakh,2024,2,TOTAL,415,964349.0,2323.73,291.0,42.61
Lakshadweep,2024,2,TOTAL,26,33630.0,1293.46,15.0,73.33
Madhya Pradesh,2024,2,TOTAL,41429,73836667.0,1782.25,51223.0,-19.12
Maharashtra,2024,2,TOTAL,118933,198945046.0,1672.75,149016.0,-20.19
Manipur,2024,2,TOTAL,346,647411.0,1871.13,385.0,-10.13
Meghalaya,2024,2,TOTAL,1235,2318007.0,1876.93,1030.0,19.9
Mizoram,2024,2,TOTAL,214,331455.0,1548.86,277.0,-22.74
Nagaland,2024,2,TOTAL,418,685292.0,1639.45,526.0,-20.53
Odisha,2024,2,TOTAL,24579,36840474.0,1498.86,27977.0,-12.15
Puducherry,2024,2,TOTAL,2304,3322997.0,1442.27,2702.0,-14.73
Punjab,2024,2,TOTAL,14129,27164397.0,1922.6,14729.0,-4.07
Rajasthan,2024,2,TOTAL,55241,95504657.0,1728.87,59127.0,-6.57
Sikkim,2024,2,TOTAL,685,1590554.0,2321.98,400.0,71.25
Tamil Nadu,2024,2,TOTAL,97348,135972378.0,1396.77,111521.0,-12.71
Telangana,2024,2,TOTAL,56941,96037304.0,1686.61,67388.0,-15.5
Tripura,2024,2,TOTAL,2188,2869489.0,1311.47,2637.0,-17.03
Uttar Pradesh,2024,2,TOTAL,92458,159894258.0,1729.37,103701.0,-10.84
Uttarakhand,2024,2,TOTAL,10311,17754447.0,1721.89,11533.0,-10.6
West Bengal,2024,2,TOTAL,67048,89476633.0,1334.52,79576.0,-15.74
Andaman & Nicobar Islands,2024,1,TOTAL,1371,1964556.0,1432.94,1145.0,19.74
Andhra Pradesh,2024,1,TOTAL,46582,63563802.0,1364.56,41798.0,11.45
Arunachal Pradesh,2024,1,TOTAL,1100,2419700.0,2199.73,809.0,35.97
Assam,2024,1,TOTAL,33097,48107248.0,1453.52,23168.0,42.86
Bihar,2024,1,TOTAL,51592,63844442.0,1237.49,41447.0,24.48
Chandigarh,2024,1,TOTAL,1730,3143984.0,1817.33,1767.0,-2.09
Chhattisgarh,2024,1,TOTAL,19579,30083259.0,1536.51,17300.0,13.17
Dadra & Nagar Haveli & Daman & Diu,2024,1,TOTAL,1295,1908509.0,1473.75,1207.0,7.29
Delhi,2024,1,TOTAL,53050,76232346.0,1436.99,56336.0,-5.83
Goa,2024,1,TOTAL,5225,7528093.0,1440.78,4883.0,7.0
Gujarat,2024,1,TOTAL,44665,62633910.0,1402.3,41128.0,8.6
Haryana,2024,1,TOTAL,50391,81816509.0,1623.63,47506.0,6.07
Himachal Pradesh,2024,1,TOTAL,5430,10433254.0,1921.41,5211.0,4.2
Jammu & Kashmir,2024,1,TOTAL,7313,14695182.0,2009.46,6264.0,16.75
Jharkhand,2024,1,TOTAL,24824,34332990.0,1383.06,22398.0,10.83
Karnataka,2024,1,TOTAL,169357,264708700.0,1563.02,156076.0,8.51
Kerala,2024,1,TOTAL,73106,115101791.0,1574.45,73543.0,-0.59
Ladakh,2024,1,TOTAL,291,614435.0,2111.46,242.0,20.25
Lakshadweep,2024,1,TOTAL,15,12935.0,862.33,53.0,-71.7
Madhya Pradesh,2024,1,TOTAL,51223,85215982.0,1663.63,40784.0,25.6
Maharashtra,2024,1,TOTAL,149016,224725389.0,1508.06,136968.0,8.8
Manipur,2024,1,TOTAL,385,685052.0,1779.36,225.0,71.11
Meghalaya,2024,1,TOTAL,1030,1987107.0,1929.23,806.0,27.79
Mizoram,2024,1,TOTAL,277,427693.0,1544.02,312.0,-11.22
Nagaland,2024,1,TOTAL,526,925684.0,1759.86,331.0,58.91
Odisha,2024,1,TOTAL,27977,40032495.0,1430.91,25065.0,11.62
Puducherry,2024,1,TOTAL,2702,3793554.0,1403.98,2447.0,10.42
Punjab,2024,1,TOTAL,14729,28213940.0,1915.54,13777.0,6.91
Rajasthan,2024,1,TOTAL,59127,102926410.0,1740.77,49741.0,18.87
Sikkim,2024,1,TOTAL,400,880182.0,2200.45,324.0,23.46
Tamil Nadu,2024,1,TOTAL,111521,148976175.0,1335.86,104871.0,6.34
Telangana,2024,1,TOTAL,67388,105607539.0,1567.16,63993.0,5.31
Tripura,2024,1,TOTAL,2637,3417568.0,1296.01,2237.0,17.88
Uttar Pradesh,2024,1,TOTAL,103701,176442664.0,1701.46,92125.0,12.57
Uttarakhand,2024,1,TOTAL,11533,19531483.0,1693.53,10040.0,14.87
West Bengal,2024,1,TOTAL,79576,104987909.0,1319.34,72712.0,9.44
Andaman & Nicobar Islands,2023,4,TOTAL,1145,1757821.0,1535.21,795.0,44.03
Andhra Pradesh,2023,4,TOTAL,41798,62342423.0,1491.52,43150.0,-3.13
Arunachal Pradesh,2023,4,TOTAL,809,2105408.0,2602.48,718.0,12.67
Assam,2023,4,TOTAL,23168,38731734.0,1671.78,22593.0,2.55
Bihar,2023,4,TOTAL,41447,57624322.0,1390.31,36550.0,13.4
Chandigarh,2023,4,TOTAL,1767,3053934.0,1728.32,1883.0,-6.16
Chhattisgarh,2023,4,TOTAL,17300,29704673.0,1717.03,11927.0,45.05
Dadra & Nagar Haveli & Daman & Diu,2023,4,TOTAL,1207,1973867.0,1635.35,969.0,24.56
Delhi,2023,4,TOTAL,56336,77332401.0,1372.7,47113.0,19.58
Goa,2023,4,TOTAL,4883,7411001.0,1517.71,3927.0,24.34
Gujarat,2023,4,TOTAL,41128,66735446.0,1622.63,51049.0,-19.43
Haryana,2023,4,TOTAL,47506,80747159.0,1699.73,42815.0,10.96
Himachal Pradesh,2023,4,TOTAL,5211,11898824.0,2283.41,3935.0,32.43
Jammu & Kashmir,2023,4,TOTAL,6264,13932309.0,2224.19,5453.0,14.87
Jharkhand,2023,4,TOTAL,22398,33484644.0,1494.98,19478.0,14.99
Karnataka,2023,4,TOTAL,156076,248056311.0,1589.33,139699.0,11.72
Kerala,2023,4,TOTAL,73543,121905046.0,1657.6,66059.0,11.33
Ladakh,2023,4,TOTAL,242,718967.0,2970.94,232.0,4.31
Lakshadweep,2023,4,TOTAL,53,78346.0,1478.23,12.0,341.67
Madhya Pradesh,2023,4,TOTAL,40784,73801070.0,1809.56,29300.0,39.19
Maharashtra,2023,4,TOTAL,136968,217657114.0,1589.11,104872.0,30.6
Manipur,2023,4,TOTAL,225,476626.0,2118.34,76.0,196.05
Meghalaya,2023,4,TOTAL,806,1843364.0,2287.05,809.0,-0.37
Mizoram,2023,4,TOTAL,312,557950.0,1788.3,166.0,87.95
Nagaland,2023,4,TOTAL,331,822973.0,2486.32,268.0,23.51
Odisha,2023,4,TOTAL,25065,39753392.0,1586.01,20263.0,23.7
Puducherry,2023,4,TOTAL,2447,3419395.0,1397.38,2232.0,9.63
Punjab,2023,4,TOTAL,13777,28715828.0,2084.33,14048.0,-1.93
Rajasthan,2023,4,TOTAL,49741,94701652.0,1903.9,39960.0,24.48
Sikkim,2023,4,TOTAL,324,793745.0,2449.83,251.0,29.08
Tamil Nadu,2023,4,TOTAL,104871,139433796.0,1329.57,91069.0,15.16
Telangana,2023,4,TOTAL,63993,105605522.0,1650.27,61523.0,4.01
Tripura,2023,4,TOTAL,2237,3169741.0,1416.96,2071.0,8.02
Uttar Pradesh,2023,4,TOTAL,92125,165509877.0,1796.58,78940.0,16.7
Uttarakhand,2023,4,TOTAL,10040,19045152.0,1896.93,7856.0,27.8
West Bengal,2023,4,TOTAL,72712,100365562.0,1380.32,58131.0,25.08
Andaman & Nicobar Islands,2023,3,TOTAL,795,1251145.0,1573.77,768.0,3.52
Andhra Pradesh,2023,3,TOTAL,43150,57802396.0,1339.57,36376.0,18.62
Arunachal Pradesh,2023,3,TOTAL,718,1904786.0,2652.91,696.0,3.16
Assam,2023,3,TOTAL,22593,35618158.0,1576.51,16475.0,37.14
Bihar,2023,3,TOTAL,36550,45832355.0,1253.96,29212.0,25.12
Chandigarh,2023,3,TOTAL,1883,2660630.0,1412.97,1704.0,10.5
Chhattisgarh,2023,3,TOTAL,11927,17838382.0,1495.63,10514.0,13.44
Dadra & Nagar Haveli & Daman & Diu,2023,3,TOTAL,969,1333103.0,1375.75,694.0,39.63
Delhi,2023,3,TOTAL,47113,58878500.0,1249.73,41358.0,13.92
Goa,2023,3,TOTAL,3927,5646054.0,1437.75,4166.0,-5.74
Gujarat,2023,3,TOTAL,51049,65768085.0,1288.33,32484.0,57.15
Haryana,2023,3,TOTAL,42815,61782311.0,1443.01,40710.0,5.17
Himachal Pradesh,2023,3,TOTAL,3935,7869767.0,1999.94,4197.0,-6.24
Jammu & Kashmir,2023,3,TOTAL,5453,10975874.0,2012.81,5262.0,3.63
Jharkhand,2023,3,TOTAL,19478,25165702.0,1292.01,16662.0,16.9
Karnataka,2023,3,TOTAL,139699,199448538.0,1427.7,117232.0,19.16
Kerala,2023,3,TOTAL,66059,110021582.0,1665.5,61032.0,8.24
Ladakh,2023,3,TOTAL,232,649027.0,2797.53,215.0,7.91
Lakshadweep,2023,3,TOTAL,12,12407.0,1033.92,15.0,-20.0
Madhya Pradesh,2023,3,TOTAL,29300,46963348.0,1602.84,27027.0,8.41
Maharashtra,2023,3,TOTAL,104872,151171882.0,1441.49,102754.0,2.06
Manipur,2023,3,TOTAL,76,193021.0,2539.75,123.0,-38.21
Meghalaya,2023,3,TOTAL,809,1728076.0,2136.06,730.0,10.82
Mizoram,2023,3,TOTAL,166,271799.0,1637.34,119.0,39.5
Nagaland,2023,3,TOTAL,268,632287.0,2359.28,269.0,-0.37
Odisha,2023,3,TOTAL,20263,29008350.0,1431.59,22163.0,-8.57
Puducherry,2023,3,TOTAL,2232,2891647.0,1295.54,1809.0,23.38
Punjab,2023,3,TOTAL,14048,24461488.0,1741.28,13187.0,6.53
Rajasthan,2023,3,TOTAL,39960,64328784.0,1609.83,37170.0,7.51
Sikkim,2023,3,TOTAL,251,698251.0,2781.88,270.0,-7.04
Tamil Nadu,2023,3,TOTAL,91069,114625593.0,1258.67,79698.0,14.27
Telangana,2023,3,TOTAL,61523,84397465.0,1371.8,55118.0,11.62
Tripura,2023,3,TOTAL,2071,2899393.0,1400.0,1563.0,32.5
Uttar Pradesh,2023,3,TOTAL,78940,121483170.0,1538.93,74194.0,6.4
Uttarakhand,2023,3,TOTAL,7856,12636749.0,1608.55,8051.0,-2.42
West Bengal,2023,3,TOTAL,58131,76359312.0,1313.57,49792.0,16.75
Andaman & Nicobar Islands,2023,2,TOTAL,768,1233395.0,1605.98,1004.0,-23.51
Andhra Pradesh,2023,2,TOTAL,36376,52067478.0,1431.37,34920.0,4.17
Arunachal Pradesh,2023,2,TOTAL,696,2095988.0,3011.48,606.0,14.85
Assam,2023,2,TOTAL,16475,28368139.0,1721.89,22100.0,-25.45
Bihar,2023,2,TOTAL,29212,40354886.0,1381.45,26929.0,8.48
Chandigarh,2023,2,TOTAL,1704,2501107.0,1467.79,1520.0,12.11
Chhattisgarh,2023,2,TOTAL,10514,16389610.0,1558.84,10460.0,0.52
Dadra & Nagar Haveli & Daman & Diu,2023,2,TOTAL,694,1058753.0,1525.58,799.0,-13.14
Delhi,2023,2,TOTAL,41358,54951108.0,1328.67,45821.0,-9.74
Goa,2023,2,TOTAL,4166,5930801.0,1423.62,4097.0,1.68
Gujarat,2023,2,TOTAL,32484,46254095.0,1423.9,32600.0,-0.36
Haryana,2023,2,TOTAL,40710,62186066.0,1527.54,37287.0,9.18
Himachal Pradesh,2023,2,TOTAL,4197,8499425.0,2025.12,3909.0,7.37
Jammu & Kashmir,2023,2,TOTAL,5262,10974839.0,2085.68,4555.0,15.52
Jharkhand,2023,2,TOTAL,16662,23216215.0,1393.36,16108.0,3.44
Karnataka,2023,2,TOTAL,117232,175704013.0,1498.77,127376.0,-7.96
Kerala,2023,2,TOTAL,61032,100620604.0,1648.65,62377.0,-2.16
Ladakh,2023,2,TOTAL,215,635831.0,2957.35,161.0,33.54
Lakshadweep,2023,2,TOTAL,15,38384.0,2558.93,26.0,-42.31
Madhya Pradesh,2023,2,TOTAL,27027,44871764.0,1660.26,26393.0,2.4
Maharashtra,2023,2,TOTAL,102754,157303399.0,1530.87,112174.0,-8.4
Manipur,2023,2,TOTAL,123,341671.0,2777.81,222.0,-44.59
Meghalaya,2023,2,TOTAL,730,1551577.0,2125.45,562.0,29.89
Mizoram,2023,2,TOTAL,119,232928.0,1957.38,171.0,-30.41
Nagaland,2023,2,TOTAL,269,628890.0,2337.88,320.0,-15.94
Odisha,2023,2,TOTAL,22163,31307110.0,1412.58,18899.0,17.27
Puducherry,2023,2,TOTAL,1809,2614006.0,1445.0,1955.0,-7.47
Punjab,2023,2,TOTAL,13187,24998175.0,1895.67,10816.0,21.92
Rajasthan,2023,2,TOTAL,37170,61301449.0,1649.22,34415.0,8.01
Sikkim,2023,2,TOTAL,270,628191.0,2326.63,260.0,3.85
Tamil Nadu,2023,2,TOTAL,79698,105328191.0,1321.59,90690.0,-12.12
Telangana,2023,2,TOTAL,55118,79238968.0,1437.62,54508.0,1.12
Tripura,2023,2,TOTAL,1563,2163813.0,1384.4,1642.0,-4.81
Uttar Pradesh,2023,2,TOTAL,74194,122522457.0,1651.38,73080.0,1.52
Uttarakhand,2023,2,TOTAL,8051,14034915.0,1743.25,7552.0,6.61
West Bengal,2023,2,TOTAL,49792,65204280.0,1309.53,56833.0,-12.39
Andaman & Nicobar Islands,2023,1,TOTAL,1004,1439198.0,1433.46,901.0,11.43
Andhra Pradesh,2023,1,TOTAL,34920,51963355.0,1488.07,44329.0,-21.23
Arunachal Pradesh,2023,1,TOTAL,606,1747475.0,2883.62,613.0,-1.14
Assam,2023,1,TOTAL,22100,36963888.0,1672.57,18826.0,17.39
Bihar,2023,1,TOTAL,26929,38746711.0,1438.85,33895.0,-20.55
Chandigarh,2023,1,TOTAL,1520,2415574.0,1589.19,1403.0,8.34
Chhattisgarh,2023,1,TOTAL,10460,16577191.0,1584.82,11994.0,-12.79
Dadra & Nagar Haveli & Daman & Diu,2023,1,TOTAL,799,1215168.0,1520.86,871.0,-8.27
Delhi,2023,1,TOTAL,45821,61040038.0,1332.14,48908.0,-6.31
Goa,2023,1,TOTAL,4097,5859549.0,1430.2,4388.0,-6.63
Gujarat,2023,1,TOTAL,32600,46937694.0,1439.81,36418.0,-10.48
Haryana,2023,1,TOTAL,37287,61127194.0,1639.37,37971.0,-1.8
Himachal Pradesh,2023,1,TOTAL,3909,7826133.0,2002.08,4565.0,-14.37
Jammu & Kashmir,2023,1,TOTAL,4555,10275877.0,2255.96,5031.0,-9.46
Jharkhand,2023,1,TOTAL,16108,23823406.0,1478.98,16779.0,-4.0
Karnataka,2023,1,TOTAL,127376,186543426.0,1464.51,133971.0,-4.92
Kerala,2023,1,TOTAL,62377,101786828.0,1631.8,65563.0,-4.86
Ladakh,2023,1,TOTAL,161,495736.0,3079.11,162.0,-0.62
Lakshadweep,2023,1,TOTAL,26,30199.0,1161.5,15.0,73.33
Madhya Pradesh,2023,1,TOTAL,26393,45135679.0,1710.14,29234.0,-9.72
Maharashtra,2023,1,TOTAL,112174,166596248.0,1485.16,125900.0,-10.9
Manipur,2023,1,TOTAL,222,632084.0,2847.23,271.0,-18.08
Meghalaya,2023,1,TOTAL,562,1187523.0,2113.03,627.0,-10.37
Mizoram,2023,1,TOTAL,171,326688.0,1910.46,350.0,-51.14
Nagaland,2023,1,TOTAL,320,704957.0,2202.99,367.0,-12.81
Odisha,2023,1,TOTAL,18899,29360555.0,1553.55,24538.0,-22.98
Puducherry,2023,1,TOTAL,1955,2593091.0,1326.39,2331.0,-16.13
Punjab,2023,1,TOTAL,10816,23330966.0,2157.08,12187.0,-11.25
Rajasthan,2023,1,TOTAL,34415,61441050.0,1785.3,40926.0,-15.91
Sikkim,2023,1,TOTAL,260,688605.0,2648.48,306.0,-15.03
Tamil Nadu,2023,1,TOTAL,90690,116710222.0,1286.91,125491.0,-27.73
Telangana,2023,1,TOTAL,54508,82678207.0,1516.81,64655.0,-15.69
Tripura,2023,1,TOTAL,1642,2404958.0,1464.65,1508.0,8.89
Uttar Pradesh,2023,1,TOTAL,73080,127110494.0,1739.33,77022.0,-5.12
Uttarakhand,2023,1,TOTAL,7552,13599026.0,1800.72,8750.0,-13.69
West Bengal,2023,1,TOTAL,56833,77461732.0,1362.97,54277.0,4.71
Andaman & Nicobar Islands,2022,4,TOTAL,901,1441210.0,1599.57,643.0,40.12
Andhra Pradesh,2022,4,TOTAL,44329,58043239.0,1309.37,39301.0,12.79
Arunachal Pradesh,2022,4,TOTAL,613,1464572.0,2389.19,510.0,20.2
Assam,2022,4,TOTAL,18826,29239168.0,1553.13,14149.0,33.06
Bihar,2022,4,TOTAL,33895,43914519.0,1295.6,28511.0,18.88
Chandigarh,2022,4,TOTAL,1403,2024528.0,1443.0,1533.0,-8.48
Chhattisgarh,2022,4,TOTAL,11994,18137856.0,1512.24,8849.0,35.54
Dadra & Nagar Haveli & Daman & Diu,2022,4,TOTAL,871,1272628.0,1461.11,707.0,23.2
Delhi,2022,4,TOTAL,48908,60603173.0,1239.13,35944.0,36.07
Goa,2022,4,TOTAL,4388,6190669.0,1410.82,3157.0,38.99
Gujarat,2022,4,TOTAL,36418,50629325.0,1390.23,31302.0,16.34
Haryana,2022,4,TOTAL,37971,56627115.0,1491.33,35346.0,7.43
Himachal Pradesh,2022,4,TOTAL,4565,9060436.0,1984.76,3641.0,25.38
Jammu & Kashmir,2022,4,TOTAL,5031,10111183.0,2009.78,4794.0,4.94
Jharkhand,2022,4,TOTAL,16779,23147805.0,1379.57,14388.0,16.62
Karnataka,2022,4,TOTAL,133971,185063287.0,1381.37,110273.0,21.49
Kerala,2022,4,TOTAL,65563,103982997.0,1586.0,54587.0,20.11
Ladakh,2022,4,TOTAL,162,410091.0,2531.43,137.0,18.25
Lakshadweep,2022,4,TOTAL,15,27135.0,1809.0,38.0,-60.53
Madhya Pradesh,2022,4,TOTAL,29234,42712883.0,1461.07,22733.0,28.6
Maharashtra,2022,4,TOTAL,125900,174915648.0,1389.32,90958.0,38.42
Manipur,2022,4,TOTAL,271,620655.0,2290.24,200.0,35.5
Meghalaya,2022,4,TOTAL,627,1189529.0,1897.18,600.0,4.5
Mizoram,2022,4,TOTAL,350,612551.0,1750.15,310.0,12.9
Nagaland,2022,4,TOTAL,367,700864.0,1909.71,210.0,74.76
Odisha,2022,4,TOTAL,24538,33565401.0,1367.89,18898.0,29.84
Puducherry,2022,4,TOTAL,2331,2693130.0,1155.35,1585.0,47.07
Punjab,2022,4,TOTAL,12187,21727831.0,1782.87,12370.0,-1.48
Rajasthan,2022,4,TOTAL,40926,60792838.0,1485.43,33975.0,20.46
Sikkim,2022,4,TOTAL,306,667214.0,2180.44,243.0,25.93
Tamil Nadu,2022,4,TOTAL,125491,146457790.0,1167.08,64356.0,95.0
Telangana,2022,4,TOTAL,64655,88544127.0,1369.49,51465.0,25.63
Tripura,2022,4,TOTAL,1508,2112534.0,1400.88,1590.0,-5.16
Uttar Pradesh,2022,4,TOTAL,77022,116755813.0,1515.88,64514.0,19.39
Uttarakhand,2022,4,TOTAL,8750,13817747.0,1579.17,6784.0,28.98
West Bengal,2022,4,TOTAL,54277,70466433.0,1298.27,47853.0,13.42
Andaman & Nicobar Islands,2022,3,TOTAL,643,902466.0,1403.52,501.0,28.34
Andhra Pradesh,2022,3,TOTAL,39301,48791931.0,1241.49,32185.0,22.11
Arunachal Pradesh,2022,3,TOTAL,510,1300304.0,2549.62,564.0,-9.57
Assam,2022,3,TOTAL,14149,22543564.0,1593.3,9228.0,53.33
Bihar,2022,3,TOTAL,28511,34704251.0,1217.22,21892.0,30.23
Chandigarh,2022,3,TOTAL,1533,1998439.0,1303.61,1330.0,15.26
Chhattisgarh,2022,3,TOTAL,8849,12119470.0,1369.59,7008.0,26.27
Dadra & Nagar Haveli & Daman & Diu,2022,3,TOTAL,707,983776.0,1391.48,438.0,61.42
Delhi,2022,3,TOTAL,35944,41570160.0,1156.53,26378.0,36.27
Goa,2022,3,TOTAL,3157,4142108.0,1312.04,3524.0,-10.41
Gujarat,2022,3,TOTAL,31302,37557227.0,1199.83,25381.0,23.33
Haryana,2022,3,TOTAL,35346,45402800.0,1284.52,25352.0,39.42
Himachal Pradesh,2022,3,TOTAL,3641,6161692.0,1692.31,2831.0,28.61
Jammu & Kashmir,2022,3,TOTAL,4794,8281826.0,1727.54,4071.0,17.76
Jharkhand,2022,3,TOTAL,14388,18156857.0,1261.94,9477.0,51.82
Karnataka,2022,3,TOTAL,110273,144605784.0,1311.34,93385.0,18.08
Kerala,2022,3,TOTAL,54587,85390924.0,1564.31,35667.0,53.05
Ladakh,2022,3,TOTAL,137,369742.0,2698.85,113.0,21.24
Lakshadweep,2022,3,TOTAL,38,41504.0,1092.21,18.0,111.11
Madhya Pradesh,2022,3,TOTAL,22733,29185118.0,1283.82,14629.0,55.4
Maharashtra,2022,3,TOTAL,90958,113835208.0,1251.51,80935.0,12.38
Manipur,2022,3,TOTAL,200,403213.0,2016.07,218.0,-8.26
Meghalaya,2022,3,TOTAL,600,1039491.0,1732.48,379.0,58.31
Mizoram,2022,3,TOTAL,310,471306.0,1520.34,76.0,307.89
Nagaland,2022,3,TOTAL,210,439669.0,2093.66,186.0,12.9
Odisha,2022,3,TOTAL,18898,23308531.0,1233.39,12371.0,52.76
Puducherry,2022,3,TOTAL,1585,2025529.0,1277.94,1156.0,37.11
Punjab,2022,3,TOTAL,12370,19381895.0,1566.85,9175.0,34.82
Rajasthan,2022,3,TOTAL,33975,45565544.0,1341.15,24333.0,39.63
Sikkim,2022,3,TOTAL,243,474940.0,1954.49,160.0,51.88
Tamil Nadu,2022,3,TOTAL,64356,79747520.0,1239.16,46714.0,37.77
Telangana,2022,3,TOTAL,51465,64798126.0,1259.07,45600.0,12.86
Tripura,2022,3,TOTAL,1590,2105984.0,1324.52,1021.0,55.73
Uttar Pradesh,2022,3,TOTAL,64514,87703512.0,1359.45,55133.0,17.02
Uttarakhand,2022,3,TOTAL,6784,10070172.0,1484.4,5773.0,17.51
West Bengal,2022,3,TOTAL,47853,59092307.0,1234.87,33542.0,42.67
Andaman & Nicobar Islands,2022,2,TOTAL,501,779740.0,1556.37,768.0,-34.77
Andhra Pradesh,2022,2,TOTAL,32185,41708072.0,1295.89,29954.0,7.45
Arunachal Pradesh,2022,2,TOTAL,564,1360231.0,2411.76,355.0,58.87
Assam,2022,2,TOTAL,9228,15357811.0,1664.26,16230.0,-43.14
Bihar,2022,2,TOTAL,21892,28212833.0,1288.73,20253.0,8.09
Chandigarh,2022,2,TOTAL,1330,1874959.0,1409.74,792.0,67.93
Chhattisgarh,2022,2,TOTAL,7008,10119964.0,1444.06,6612.0,5.99
Dadra & Nagar Haveli & Daman & Diu,2022,2,TOTAL,438,686857.0,1568.17,493.0,-11.16
Delhi,2022,2,TOTAL,26378,31787281.0,1205.07,28232.0,-6.57
Goa,2022,2,TOTAL,3524,5093510.0,1445.38,2634.0,33.79
Gujarat,2022,2,TOTAL,25381,32090965.0,1264.37,22221.0,14.22
Haryana,2022,2,TOTAL,25352,33759068.0,1331.61,22783.0,11.28
Himachal Pradesh,2022,2,TOTAL,2831,5371078.0,1897.24,2768.0,2.28
Jammu & Kashmir,2022,2,TOTAL,4071,7729792.0,1898.75,3584.0,13.59
Jharkhand,2022,2,TOTAL,9477,13464840.0,1420.79,9373.0,1.11
Karnataka,2022,2,TOTAL,93385,123228632.0,1319.58,95640.0,-2.36
Kerala,2022,2,TOTAL,35667,59920203.0,1679.99,37110.0,-3.89
Ladakh,2022,2,TOTAL,113,269446.0,2384.48,75.0,50.67
Lakshadweep,2022,2,TOTAL,18,27463.0,1525.72,27.0,-33.33
Madhya Pradesh,2022,2,TOTAL,14629,20159098.0,1378.02,13791.0,6.08
Maharashtra,2022,2,TOTAL,80935,104603934.0,1292.44,88015.0,-8.04
Manipur,2022,2,TOTAL,218,553649.0,2539.67,177.0,23.16
Meghalaya,2022,2,TOTAL,379,789094.0,2082.04,337.0,12.46
Mizoram,2022,2,TOTAL,76,115090.0,1514.34,85.0,-10.59
Nagaland,2022,2,TOTAL,186,380878.0,2047.73,242.0,-23.14
Odisha,2022,2,TOTAL,12371,16631095.0,1344.36,9627.0,28.5
Puducherry,2022,2,TOTAL,1156,1597786.0,1382.17,1199.0,-3.59
Punjab,2022,2,TOTAL,9175,15465367.0,1685.6,7475.0,22.74
Rajasthan,2022,2,TOTAL,24333,33748931.0,1386.96,21517.0,13.09
Sikkim,2022,2,TOTAL,160,383709.0,2398.18,239.0,-33.05
Tamil Nadu,2022,2,TOTAL,46714,61835120.0,1323.7,47621.0,-1.9
Telangana,2022,2,TOTAL,45600,58056956.0,1273.18,36325.0,25.53
Tripura,2022,2,TOTAL,1021,1509105.0,1478.07,907.0,12.57
Uttar Pradesh,2022,2,TOTAL,55133,77434953.0,1404.51,45996.0,19.86
Uttarakhand,2022,2,TOTAL,5773,9168313.0,1588.14,5339.0,8.13
West Bengal,2022,2,TOTAL,33542,41737021.0,1244.32,38779.0,-13.5
Andaman & Nicobar Islands,2022,1,TOTAL,768,1131287.0,1473.03,757.0,1.45
Andhra Pradesh,2022,1,TOTAL,29954,42648157.0,1423.79,25423.0,17.82
Arunachal Pradesh,2022,1,TOTAL,355,894107.0,2518.61,320.0,10.94
Assam,2022,1,TOTAL,16230,27447766.0,1691.17,8622.0,88.24
Bihar,2022,1,TOTAL,20253,27755736.0,1370.45,22456.0,-9.81
Chandigarh,2022,1,TOTAL,792,1150932.0,1453.2,710.0,11.55
Chhattisgarh,2022,1,TOTAL,6612,10139190.0,1533.45,6029.0,9.67
Dadra & Nagar Haveli & Daman & Diu,2022,1,TOTAL,493,720741.0,1461.95,421.0,17.1
Delhi,2022,1,TOTAL,28232,35442069.0,1255.39,34251.0,-17.57
Goa,2022,1,TOTAL,2634,3865245.0,1467.44,2087.0,26.21
Gujarat,2022,1,TOTAL,22221,29953433.0,1347.98,19142.0,16.09
Haryana,2022,1,TOTAL,22783,32526943.0,1427.68,19489.0,16.9
Himachal Pradesh,2022,1,TOTAL,2768,5234739.0,1891.16,2474.0,11.88
Jammu & Kashmir,2022,1,TOTAL,3584,7244267.0,2021.28,3113.0,15.13
Jharkhand,2022,1,TOTAL,9373,13819466.0,1474.39,8465.0,10.73
Karnataka,2022,1,TOTAL,95640,130733580.0,1366.93,74436.0,28.49
Kerala,2022,1,TOTAL,37110,64172190.0,1729.24,19199.0,93.29
Ladakh,2022,1,TOTAL,75,193935.0,2585.8,76.0,-1.32
Lakshadweep,2022,1,TOTAL,27,34664.0,1283.85,11.0,145.45
Madhya Pradesh,2022,1,TOTAL,13791,19901462.0,1443.08,15069.0,-8.48
Maharashtra,2022,1,TOTAL,88015,117411928.0,1334.0,82423.0,6.78
Manipur,2022,1,TOTAL,177,517854.0,2925.73,145.0,22.07
Meghalaya,2022,1,TOTAL,337,729211.0,2163.83,263.0,28.14
Mizoram,2022,1,TOTAL,85,189428.0,2228.56,100.0,-15.0
Nagaland,2022,1,TOTAL,242,529223.0,2186.87,183.0,32.24
Odisha,2022,1,TOTAL,9627,14539309.0,1510.26,9093.0,5.87
Puducherry,2022,1,TOTAL,1199,1663404.0,1387.33,786.0,52.54
Punjab,2022,1,TOTAL,7475,13155682.0,1759.96,6638.0,12.61
Rajasthan,2022,1,TOTAL,21517,31576932.0,1467.53,19375.0,11.06
Sikkim,2022,1,TOTAL,239,685987.0,2870.24,195.0,22.56
Tamil Nadu,2022,1,TOTAL,47621,64969045.0,1364.29,33037.0,44.14
Telangana,2022,1,TOTAL,36325,51942016.0,1429.92,34848.0,4.24
Tripura,2022,1,TOTAL,907,1493401.0,1646.53,702.0,29.2
Uttar Pradesh,2022,1,TOTAL,45996,73014969.0,1587.42,44132.0,4.22
Uttarakhand,2022,1,TOTAL,5339,8824948.0,1652.92,5529.0,-3.44
West Bengal,2022,1,TOTAL,38779,51160527.0,1319.28,26320.0,47.34
Andaman & Nicobar Islands,2021,4,TOTAL,757,1056380.0,1395.48,230.0,229.13
Andhra Pradesh,2021,4,TOTAL,25423,31610335.0,1243.38,23075.0,10.18
Arunachal Pradesh,2021,4,TOTAL,320,598459.0,1870.18,212.0,50.94
Assam,2021,4,TOTAL,8622,13962068.0,1619.35,4495.0,91.81
Bihar,2021,4,TOTAL,22456,27313813.0,1216.33,18030.0,24.55
Chandigarh,2021,4,TOTAL,710,835813.0,1177.2,494.0,43.72
Chhattisgarh,2021,4,TOTAL,6029,8229039.0,1364.91,4676.0,28.93
Dadra & Nagar Haveli & Daman & Diu,2021,4,TOTAL,421,425384.0,1010.41,360.0,16.94
Delhi,2021,4,TOTAL,34251,36578331.0,1067.95,16679.0,105.35
Goa,2021,4,TOTAL,2087,2737316.0,1311.6,1214.0,71.91
Gujarat,2021,4,TOTAL,19142,23282921.0,1216.33,15348.0,24.72
Haryana,2021,4,TOTAL,19489,25885838.0,1328.23,14163.0,37.61
Himachal Pradesh,2021,4,TOTAL,2474,4667661.0,1886.69,1759.0,40.65
Jammu & Kashmir,2021,4,TOTAL,3113,5223317.0,1677.9,1452.0,114.39
Jharkhand,2021,4,TOTAL,8465,11190423.0,1321.96,6794.0,24.6
Karnataka,2021,4,TOTAL,74436,90723288.0,1218.81,47468.0,56.81
Kerala,2021,4,TOTAL,19199,31260319.0,1628.23,10926.0,75.72
Ladakh,2021,4,TOTAL,76,195966.0,2578.5,192.0,-60.42
Lakshadweep,2021,4,TOTAL,11,17096.0,1554.18,19.0,-42.11
Madhya Pradesh,2021,4,TOTAL,15069,17524432.0,1162.95,11990.0,25.68
Maharashtra,2021,4,TOTAL,82423,93262227.0,1131.51,52268.0,57.69
Manipur,2021,4,TOTAL,145,271789.0,1874.41,111.0,30.63
Meghalaya,2021,4,TOTAL,263,451612.0,1717.16,139.0,89.21
Mizoram,2021,4,TOTAL,100,175847.0,1758.47,81.0,23.46
Nagaland,2021,4,TOTAL,183,341424.0,1865.7,91.0,101.1
Odisha,2021,4,TOTAL,9093,10941626.0,1203.3,7967.0,14.13
Puducherry,2021,4,TOTAL,786,946607.0,1204.33,561.0,40.11
Punjab,2021,4,TOTAL,6638,9912828.0,1493.35,4887.0,35.83
Rajasthan,2021,4,TOTAL,19375,24455262.0,1262.21,16643.0,16.42
Sikkim,2021,4,TOTAL,195,503532.0,2582.22,106.0,83.96
Tamil Nadu,2021,4,TOTAL,33037,42184290.0,1276.88,23107.0,42.97
Telangana,2021,4,TOTAL,34848,38845492.0,1114.71,27080.0,28.69
Tripura,2021,4,TOTAL,702,1022508.0,1456.56,494.0,42.11
Uttar Pradesh,2021,4,TOTAL,44132,59654951.0,1351.74,32799.0,34.55
Uttarakhand,2021,4,TOTAL,5529,7849020.0,1419.61,4111.0,34.49
West Bengal,2021,4,TOTAL,26320,31282871.0,1188.56,24839.0,5.96
Andaman & Nicobar Islands,2021,3,TOTAL,230,305235.0,1327.11,137.0,67.88
Andhra Pradesh,2021,3,TOTAL,23075,19914338.0,863.03,33205.0,-30.51
Arunachal Pradesh,2021,3,TOTAL,212,371051.0,1750.24,204.0,3.92
Assam,2021,3,TOTAL,4495,6010865.0,1337.23,3265.0,37.67
Bihar,2021,3,TOTAL,18030,18234941.0,1011.37,14301.0,26.08
Chandigarh,2021,3,TOTAL,494,469634.0,950.68,378.0,30.69
Chhattisgarh,2021,3,TOTAL,4676,3568837.0,763.22,5055.0,-7.5
Dadra & Nagar Haveli & Daman & Diu,2021,3,TOTAL,360,273596.0,759.99,368.0,-2.17
Delhi,2021,3,TOTAL,16679,15007079.0,899.76,13292.0,25.48
Goa,2021,3,TOTAL,1214,1385986.0,1141.67,1016.0,19.49
Gujarat,2021,3,TOTAL,15348,12341903.0,804.14,14676.0,4.58
Haryana,2021,3,TOTAL,14163,13215898.0,933.13,12516.0,13.16
Himachal Pradesh,2021,3,TOTAL,1759,2444545.0,1389.74,1210.0,45.37
Jammu & Kashmir,2021,3,TOTAL,1452,2139133.0,1473.23,1197.0,21.3
Jharkhand,2021,3,TOTAL,6794,7046048.0,1037.1,5180.0,31.16
Karnataka,2021,3,TOTAL,47468,48078366.0,1012.86,40969.0,15.86
Kerala,2021,3,TOTAL,10926,13255646.0,1213.22,9530.0,14.65
Ladakh,2021,3,TOTAL,192,174052.0,906.52,46.0,317.39
Lakshadweep,2021,3,TOTAL,19,16034.0,843.89,5.0,280.0
Madhya Pradesh,2021,3,TOTAL,11990,7806258.0,651.06,14803.0,-19.0
Maharashtra,2021,3,TOTAL,52268,41313307.0,790.41,70381.0,-25.74
Manipur,2021,3,TOTAL,111,133016.0,1198.34,127.0,-12.6
Meghalaya,2021,3,TOTAL,139,214554.0,1543.55,139.0,0.0
Mizoram,2021,3,TOTAL,81,83641.0,1032.6,187.0,-56.68
Nagaland,2021,3,TOTAL,91,123643.0,1358.71,85.0,7.06
Odisha,2021,3,TOTAL,7967,6008686.0,754.2,7942.0,0.31
Puducherry,2021,3,TOTAL,561,556442.0,991.88,526.0,6.65
Punjab,2021,3,TOTAL,4887,5271559.0,1078.69,4047.0,20.76
Rajasthan,2021,3,TOTAL,16643,12793862.0,768.72,18281.0,-8.96
Sikkim,2021,3,TOTAL,106,140552.0,1325.96,93.0,13.98
Tamil Nadu,2021,3,TOTAL,23107,23402918.0,1012.81,17682.0,30.68
Telangana,2021,3,TOTAL,27080,20925217.0,772.72,28870.0,-6.2
Tripura,2021,3,TOTAL,494,649961.0,1315.71,381.0,29.66
Uttar Pradesh,2021,3,TOTAL,32799,32641118.0,995.19,25952.0,26.38
Uttarakhand,2021,3,TOTAL,4111,4646571.0,1130.28,2742.0,49.93
West Bengal,2021,3,TOTAL,24839,21424337.0,862.53,15200.0,63.41
Andaman & Nicobar Islands,2021,2,TOTAL,137,181504.0,1324.85,225.0,-39.11
Andhra Pradesh,2021,2,TOTAL,33205,22730687.0,684.56,22105.0,50.21
Arunachal Pradesh,2021,2,TOTAL,204,224928.0,1102.59,194.0,5.15
Assam,2021,2,TOTAL,3265,3008122.0,921.32,3167.0,3.09
Bihar,2021,2,TOTAL,14301,13301581.0,930.12,12554.0,13.92
Chandigarh,2021,2,TOTAL,378,310943.0,822.6,338.0,11.83
Chhattisgarh,2021,2,TOTAL,5055,3813417.0,754.39,4712.0,7.28
Dadra & Nagar Haveli & Daman & Diu,2021,2,TOTAL,368,275638.0,749.02,467.0,-21.2
Delhi,2021,2,TOTAL,13292,10840929.0,815.6,12822.0,3.67
Goa,2021,2,TOTAL,1016,1028339.0,1012.14,879.0,15.59
Gujarat,2021,2,TOTAL,14676,10263998.0,699.37,12673.0,15.81
Haryana,2021,2,TOTAL,12516,11272453.0,900.64,11038.0,13.39
Himachal Pradesh,2021,2,TOTAL,1210,1402338.0,1158.96,1064.0,13.72
Jammu & Kashmir,2021,2,TOTAL,1197,1832089.0,1530.57,1105.0,8.33
Jharkhand,2021,2,TOTAL,5180,5084230.0,981.51,4879.0,6.17
Karnataka,2021,2,TOTAL,40969,39501006.0,964.17,37595.0,8.97
Kerala,2021,2,TOTAL,9530,9676588.0,1015.38,5731.0,66.29
Ladakh,2021,2,TOTAL,46,86251.0,1875.02,32.0,43.75
Lakshadweep,2021,2,TOTAL,5,6962.0,1392.4,4.0,25.0
Madhya Pradesh,2021,2,TOTAL,14803,9787391.0,661.18,14427.0,2.61
Maharashtra,2021,2,TOTAL,70381,46763103.0,664.43,55792.0,26.15
Manipur,2021,2,TOTAL,127,81332.0,640.41,136.0,-6.62
Meghalaya,2021,2,TOTAL,139,148434.0,1067.87,107.0,29.91
Mizoram,2021,2,TOTAL,187,124805.0,667.41,415.0,-54.94
Nagaland,2021,2,TOTAL,85,139479.0,1640.93,79.0,7.59
Odisha,2021,2,TOTAL,7942,5832924.0,734.44,8236.0,-3.57
Puducherry,2021,2,TOTAL,526,508277.0,966.31,372.0,41.4
Punjab,2021,2,TOTAL,4047,3768919.0,931.29,3783.0,6.98
Rajasthan,2021,2,TOTAL,18281,14357445.0,785.38,17800.0,2.7
Sikkim,2021,2,TOTAL,93,122064.0,1312.52,122.0,-23.77
Tamil Nadu,2021,2,TOTAL,17682,16444344.0,930.0,14406.0,22.74
Telangana,2021,2,TOTAL,28870,20935651.0,725.17,28298.0,2.02
Tripura,2021,2,TOTAL,381,409934.0,1075.94,360.0,5.83
Uttar Pradesh,2021,2,TOTAL,25952,25137571.0,968.62,24103.0,7.67
Uttarakhand,2021,2,TOTAL,2742,3265717.0,1191.0,2607.0,5.18
West Bengal,2021,2,TOTAL,15200,12396029.0,815.53,15488.0,-1.86
Andaman & Nicobar Islands,2021,1,TOTAL,225,244266.0,1085.63,124.0,81.45
Andhra Pradesh,2021,1,TOTAL,22105,12749874.0,576.79,21464.0,2.99
Arunachal Pradesh,2021,1,TOTAL,194,131611.0,678.41,125.0,55.2
Assam,2021,1,TOTAL,3167,2334419.0,737.11,2413.0,31.25
Bihar,2021,1,TOTAL,12554,8796619.0,700.7,9913.0,26.64
Chandigarh,2021,1,TOTAL,338,238576.0,705.85,200.0,69.0
Chhattisgarh,2021,1,TOTAL,4712,2620468.0,556.13,3757.0,25.42
Dadra & Nagar Haveli & Daman & Diu,2021,1,TOTAL,467,285691.0,611.76,232.0,101.29
Delhi,2021,1,TOTAL,12822,9655261.0,753.02,9725.0,31.85
Goa,2021,1,TOTAL,879,827384.0,941.28,614.0,43.16
Gujarat,2021,1,TOTAL,12673,7288104.0,575.09,9990.0,26.86
Haryana,2021,1,TOTAL,11038,7297880.0,661.16,8283.0,33.26
Himachal Pradesh,2021,1,TOTAL,1064,906492.0,851.97,710.0,49.86
Jammu & Kashmir,2021,1,TOTAL,1105,1546288.0,1399.36,647.0,70.79
Jharkhand,2021,1,TOTAL,4879,3274851.0,671.21,3659.0,33.34
Karnataka,2021,1,TOTAL,37595,30183325.0,802.85,31747.0,18.42
Kerala,2021,1,TOTAL,5731,5040506.0,879.52,5479.0,4.6
Ladakh,2021,1,TOTAL,32,34530.0,1079.06,27.0,18.52
Lakshadweep,2021,1,TOTAL,4,5225.0,1306.25,4.0,0.0
Madhya Pradesh,2021,1,TOTAL,14427,5567927.0,385.94,10653.0,35.43
Maharashtra,2021,1,TOTAL,55792,33137753.0,593.95,44798.0,24.54
Manipur,2021,1,TOTAL,136,72254.0,531.28,90.0,51.11
Meghalaya,2021,1,TOTAL,107,128776.0,1203.51,92.0,16.3
Mizoram,2021,1,TOTAL,415,302841.0,729.74,81.0,412.35
Nagaland,2021,1,TOTAL,79,42973.0,543.96,62.0,27.42
Odisha,2021,1,TOTAL,8236,4383330.0,532.22,7526.0,9.43
Puducherry,2021,1,TOTAL,372,351827.0,945.77,234.0,58.97
Punjab,2021,1,TOTAL,3783,2558380.0,676.28,2451.0,54.35
Rajasthan,2021,1,TOTAL,17800,8074225.0,453.61,12509.0,42.3
Sikkim,2021,1,TOTAL,122,111777.0,916.2,67.0,82.09
Tamil Nadu,2021,1,TOTAL,14406,11180849.0,776.12,10290.0,40.0
Telangana,2021,1,TOTAL,28298,14810947.0,523.39,20961.0,35.0
Tripura,2021,1,TOTAL,360,191531.0,532.03,244.0,47.54
Uttar Pradesh,2021,1,TOTAL,24103,18027573.0,747.94,17470.0,37.97
Uttarakhand,2021,1,TOTAL,2607,2719327.0,1043.09,1756.0,48.46
West Bengal,2021,1,TOTAL,15488,11172042.0,721.34,10233.0,51.35
Andaman & Nicobar Islands,2020,4,TOTAL,124,157975.0,1273.99,41.0,202.44
Andhra Pradesh,2020,4,TOTAL,21464,12985632.0,605.0,49812.0,-56.91
Arunachal Pradesh,2020,4,TOTAL,125,84247.0,673.98,135.0,-7.41
Assam,2020,4,TOTAL,2413,1806801.0,748.78,2206.0,9.38
Bihar,2020,4,TOTAL,9913,7860932.0,792.99,9733.0,1.85
Chandigarh,2020,4,TOTAL,200,153341.0,766.71,264.0,-24.24
Chhattisgarh,2020,4,TOTAL,3757,2249901.0,598.86,4702.0,-20.1
Dadra & Nagar Haveli & Daman & Diu,2020,4,TOTAL,232,149513.0,644.45,257.0,-9.73
Delhi,2020,4,TOTAL,9725,8045442.0,827.29,7588.0,28.16
Goa,2020,4,TOTAL,614,682364.0,1111.34,683.0,-10.1
Gujarat,2020,4,TOTAL,9990,6055037.0,606.11,12525.0,-20.24
Haryana,2020,4,TOTAL,8283,5974278.0,721.27,7139.0,16.02
Himachal Pradesh,2020,4,TOTAL,710,630966.0,888.68,531.0,33.71
Jammu & Kashmir,2020,4,TOTAL,647,734861.0,1135.8,441.0,46.71
Jharkhand,2020,4,TOTAL,3659,2857024.0,780.82,5368.0,-31.84
Karnataka,2020,4,TOTAL,31747,26814968.0,844.65,53701.0,-40.88
Kerala,2020,4,TOTAL,5479,4445525.0,811.38,8811.0,-37.82
Ladakh,2020,4,TOTAL,27,34206.0,1266.89,33.0,-18.18
Madhya Pradesh,2020,4,TOTAL,10653,4897124.0,459.69,14476.0,-26.41
Maharashtra,2020,4,TOTAL,44798,27113814.0,605.25,71662.0,-37.49
Manipur,2020,4,TOTAL,90,49057.0,545.08,134.0,-32.84
Meghalaya,2020,4,TOTAL,92,71029.0,772.05,112.0,-17.86
Mizoram,2020,4,TOTAL,81,119124.0,1470.67,74.0,9.46
Nagaland,2020,4,TOTAL,62,38836.0,626.39,89.0,-30.34
Odisha,2020,4,TOTAL,7526,4208701.0,559.22,10955.0,-31.3
Puducherry,2020,4,TOTAL,234,197955.0,845.96,191.0,22.51
Punjab,2020,4,TOTAL,2451,1884291.0,768.78,2488.0,-1.49
Rajasthan,2020,4,TOTAL,12509,6471573.0,517.35,15235.0,-17.89
Sikkim,2020,4,TOTAL,67,70214.0,1047.97,94.0,-28.72
Tamil Nadu,2020,4,TOTAL,10290,8993575.0,874.01,8026.0,28.21
Telangana,2020,4,TOTAL,20961,11339099.0,540.96,34395.0,-39.06
Tripura,2020,4,TOTAL,244,149765.0,613.79,249.0,-2.01
Uttar Pradesh,2020,4,TOTAL,17470,14180417.0,811.7,18131.0,-3.65
Uttarakhand,2020,4,TOTAL,1756,1961891.0,1117.25,1403.0,25.16
West Bengal,2020,4,TOTAL,10233,7510455.0,733.94,12596.0,-18.76
Andaman & Nicobar Islands,2020,3,TOTAL,41,15380.0,375.12,6.0,583.33
Andhra Pradesh,2020,3,TOTAL,49812,12426481.0,249.47,22104.0,125.35
Arunachal Pradesh,2020,3,TOTAL,135,39687.0,293.98,65.0,107.69
Assam,2020,3,TOTAL,2206,599450.0,271.74,978.0,125.56
Bihar,2020,3,TOTAL,9733,2161102.0,222.04,2816.0,245.63
Chandigarh,2020,3,TOTAL,264,70969.0,268.82,149.0,77.18
Chhattisgarh,2020,3,TOTAL,4702,1393656.0,296.4,1346.0,249.33
Dadra & Nagar Haveli & Daman & Diu,2020,3,TOTAL,257,65504.0,254.88,651.0,-60.52
Delhi,2020,3,TOTAL,7588,1927285.0,253.99,11716.0,-35.23
Goa,2020,3,TOTAL,683,196864.0,288.23,341.0,100.29
Gujarat,2020,3,TOTAL,12525,3335812.0,266.33,7697.0,62.73
Haryana,2020,3,TOTAL,7139,1884868.0,264.02,6321.0,12.94
Himachal Pradesh,2020,3,TOTAL,531,165559.0,311.79,392.0,35.46
Jammu & Kashmir,2020,3,TOTAL,441,133339.0,302.36,206.0,114.08
Jharkhand,2020,3,TOTAL,5368,1349934.0,251.48,2063.0,160.2
Karnataka,2020,3,TOTAL,53701,12407394.0,231.05,27358.0,96.29
Kerala,2020,3,TOTAL,8811,2830361.0,321.23,1588.0,454.85
Ladakh,2020,3,TOTAL,33,10260.0,310.91,14.0,135.71
Lakshadweep,2020,3,TOTAL,4,1199.0,299.75,,
Madhya Pradesh,2020,3,TOTAL,14476,3496126.0,241.51,6283.0,130.4
Maharashtra,2020,3,TOTAL,71662,19230156.0,268.35,39836.0,79.89
Manipur,2020,3,TOTAL,134,45164.0,337.04,55.0,143.64
Meghalaya,2020,3,TOTAL,112,33615.0,300.13,41.0,173.17
Mizoram,2020,3,TOTAL,74,24691.0,333.66,31.0,138.71
Nagaland,2020,3,TOTAL,89,20798.0,233.69,41.0,117.07
Odisha,2020,3,TOTAL,10955,2640191.0,241.0,2981.0,267.49
Puducherry,2020,3,TOTAL,191,58399.0,305.75,112.0,70.54
Punjab,2020,3,TOTAL,2488,684753.0,275.22,2036.0,22.2
Rajasthan,2020,3,TOTAL,15235,3758527.0,246.7,5373.0,183.55
Sikkim,2020,3,TOTAL,94,28000.0,297.87,21.0,347.62
Tamil Nadu,2020,3,TOTAL,8026,2257373.0,281.26,5473.0,46.65
Telangana,2020,3,TOTAL,34395,8406543.0,244.41,19003.0,81.0
Tripura,2020,3,TOTAL,249,61642.0,247.56,88.0,182.95
Uttar Pradesh,2020,3,TOTAL,18131,4436969.0,244.72,9884.0,83.44
Uttarakhand,2020,3,TOTAL,1403,418543.0,298.32,660.0,112.58
West Bengal,2020,3,TOTAL,12596,2878482.0,228.52,7619.0,65.32
Andaman & Nicobar Islands,2020,2,TOTAL,6,1360.0,226.67,,
Andhra Pradesh,2020,2,TOTAL,22104,3982391.0,180.17,,
Arunachal Pradesh,2020,2,TOTAL,65,14329.0,220.45,,
Assam,2020,2,TOTAL,978,210034.0,214.76,,
Bihar,2020,2,TOTAL,2816,595621.0,211.51,,
Chandigarh,2020,2,TOTAL,149,29537.0,198.23,,
Chhattisgarh,2020,2,TOTAL,1346,279005.0,207.28,,
Dadra & Nagar Haveli & Daman & Diu,2020,2,TOTAL,651,101029.0,155.19,,
Delhi,2020,2,TOTAL,11716,1897480.0,161.96,,
Goa,2020,2,TOTAL,341,71100.0,208.5,,
Gujarat,2020,2,TOTAL,7697,1430591.0,185.86,,
Haryana,2020,2,TOTAL,6321,1179814.0,186.65,,
Himachal Pradesh,2020,2,TOTAL,392,77936.0,198.82,,
Jammu & Kashmir,2020,2,TOTAL,206,48484.0,235.36,,
Jharkhand,2020,2,TOTAL,2063,405031.0,196.33,,
Karnataka,2020,2,TOTAL,27358,4794150.0,175.24,,
Kerala,2020,2,TOTAL,1588,360216.0,226.84,,
Ladakh,2020,2,TOTAL,14,2538.0,181.29,,
Madhya Pradesh,2020,2,TOTAL,6283,1198701.0,190.78,,
Maharashtra,2020,2,TOTAL,39836,6879717.0,172.7,,
Manipur,2020,2,TOTAL,55,12554.0,228.25,,
Meghalaya,2020,2,TOTAL,41,8829.0,215.34,,
Mizoram,2020,2,TOTAL,31,7322.0,236.19,,
Nagaland,2020,2,TOTAL,41,9791.0,238.8,,
Odisha,2020,2,TOTAL,2981,615193.0,206.37,,
Puducherry,2020,2,TOTAL,112,22251.0,198.67,,
Punjab,2020,2,TOTAL,2036,399452.0,196.19,,
Rajasthan,2020,2,TOTAL,5373,1095933.0,203.97,,
Sikkim,2020,2,TOTAL,21,4789.0,228.05,,
Tamil Nadu,2020,2,TOTAL,5473,1075552.0,196.52,,
Telangana,2020,2,TOTAL,19003,3419453.0,179.94,,
Tripura,2020,2,TOTAL,88,22054.0,250.61,,
Uttar Pradesh,2020,2,TOTAL,9884,1912266.0,193.47,,
Uttarakhand,2020,2,TOTAL,660,134899.0,204.39,,
West Bengal,2020,2,TOTAL,7619,1432764.0,188.05,,
