state,year,quarter,transaction_type,quarterly_total,quarterly_volume,avg_transaction_value,previous_period_amount,qoq_growth_rate
Lakshadweep,2024,4,TOTAL,991026724.0,791108,1252.71,769632348.0,28.77
Goa,2024,4,TOTAL,226250358172.0,184526144,1226.12,183654112048.0,23.19
Meghalaya,2024,4,TOTAL,78699709732.0,56665520,1388.85,65171826784.0,20.76
Sikkim,2024,4,TOTAL,50564405592.0,35667480,1417.66,42279316288.0,19.6
Uttar Pradesh,2024,4,TOTAL,12856426089836.0,10179561060,1262.96,10869900820936.0,18.28
Bihar,2024,4,TOTAL,8395709904188.0,6238670700,1345.75,7121121893356.0,17.9
Andaman & Nicobar Islands,2024,4,TOTAL,35683779092.0,24255600,1471.16,30655380036.0,16.4
Chhattisgarh,2024,4,TOTAL,2307313778500.0,2002621616,1152.15,1989440535032.0,15.98
Jharkhand,2024,4,TOTAL,2816042004136.0,2347618744,1199.53,2439638162368.0,15.43
Assam,2024,4,TOTAL,1531145623836.0,1329766124,1151.44,1334233234200.0,14.76
Madhya Pradesh,2024,4,TOTAL,8013220275380.0,6741607340,1188.62,7044329866124.0,13.75
Mizoram,2024,4,TOTAL,17844651688.0,10809772,1650.79,15695552924.0,13.69
Nagaland,2024,4,TOTAL,55836394704.0,31686208,1762.17,49125260672.0,13.66
Rajasthan,2024,4,TOTAL,11172197485632.0,8173878188,1366.82,9889030863620.0,12.98
Punjab,2024,4,TOTAL,1156502608128.0,798036880,1449.18,1024464626116.0,12.89
West Bengal,2024,4,TOTAL,7240400117624.0,4908542728,1475.06,6430575128948.0,12.59
Himachal Pradesh,2024,4,TOTAL,254947984936.0,215193592,1184.74,226463766392.0,12.58
Maharashtra,2024,4,TOTAL,16604113803548.0,14536927356,1142.2,14749074648556.0,12.58
Uttarakhand,2024,4,TOTAL,779635163836.0,684544528,1138.91,693659470196.0,12.39
Tripura,2024,4,TOTAL,89639621072.0,63780636,1405.44,79795384756.0,12.34
Haryana,2024,4,TOTAL,4127837437416.0,3365577160,1226.49,3692826727192.0,11.78
Gujarat,2024,4,TOTAL,4304058005688.0,3309499864,1300.52,3854205552404.0,11.67
Jammu & Kashmir,2024,4,TOTAL,643803922928.0,505044868,1274.75,577881383908.0,11.41
Dadra & Nagar Haveli & Daman & Diu,2024,4,TOTAL,95780885844.0,113854800,841.25,86258526264.0,11.04
Arunachal Pradesh,2024,4,TOTAL,140319547492.0,107173828,1309.27,126407826820.0,11.01
Odisha,2024,4,TOTAL,5221830372956.0,4572390272,1142.04,4708935778536.0,10.89
Delhi,2024,4,TOTAL,4228241943612.0,3642172328,1160.91,3832813534352.0,10.32
Telangana,2024,4,TOTAL,15436202141672.0,11289806412,1367.27,14205267906392.0,8.67
Andhra Pradesh,2024,4,TOTAL,13808062275864.0,9185782176,1503.2,12906582429956.0,6.98
Chandigarh,2024,4,TOTAL,82005543556.0,74113776,1106.48,77037031504.0,6.45
Karnataka,2024,4,TOTAL,16607279215288.0,13820225696,1201.66,15628810265936.0,6.26
Kerala,2024,4,TOTAL,1094559882264.0,932449764,1173.85,1033208125236.0,5.94
Tamil Nadu,2024,4,TOTAL,4350531502424.0,3281695552,1325.7,4203118379284.0,3.51
Manipur,2024,4,TOTAL,48246834224.0,23001692,2097.53,46686067324.0,3.34
Puducherry,2024,4,TOTAL,79861570188.0,66238708,1205.66,78140017584.0,2.2
Ladakh,2024,4,TOTAL,43417670616.0,22845136,1900.52,50611486848.0,-14.21
Lakshadweep,2024,3,TOTAL,769632348.0,629912,1221.81,584851364.0,31.59
Ladakh,2024,3,TOTAL,50611486848.0,27655540,1830.07,40502893392.0,24.96
Jammu & Kashmir,2024,3,TOTAL,577881383908.0,478221152,1208.4,516247027644.0,11.94
Nagaland,2024,3,TOTAL,49125260672.0,27926540,1759.09,44051652384.0,11.52
Tripura,2024,3,TOTAL,79795384756.0,57602324,1385.28,72549724272.0,9.99
Chandigarh,2024,3,TOTAL,77037031504.0,70833540,1087.58,70227615248.0,9.7
Manipur,2024,3,TOTAL,46686067324.0,22800384,2047.6,43592003172.0,7.1
Puducherry,2024,3,TOTAL,78140017584.0,64034844,1220.27,72968038944.0,7.09
Delhi,2024,3,TOTAL,3832813534352.0,3379378092,1134.18,3587670704720.0,6.83
Kerala,2024,3,TOTAL,1033208125236.0,858781832,1203.11,968015290380.0,6.73
Tamil Nadu,2024,3,TOTAL,4203118379284.0,3114146804,1349.69,3940604599464.0,6.66
Arunachal Pradesh,2024,3,TOTAL,126407826820.0,97788568,1292.66,118825406520.0,6.38
Dadra & Nagar Haveli & Daman & Diu,2024,3,TOTAL,86258526264.0,101785080,847.46,81315970844.0,6.08
Gujarat,2024,3,TOTAL,3854205552404.0,3029765000,1272.11,3642500187732.0,5.81
Andaman & Nicobar Islands,2024,3,TOTAL,30655380036.0,21117000,1451.69,29183121320.0,5.04
Punjab,2024,3,TOTAL,1024464626116.0,750218880,1365.55,977740147936.0,4.78
West Bengal,2024,3,TOTAL,6430575128948.0,4339665780,1481.81,6189375262256.0,3.9
Mizoram,2024,3,TOTAL,15695552924.0,9440824,1662.52,15193910560.0,3.3
Karnataka,2024,3,TOTAL,15628810265936.0,13044536380,1198.11,15140138813752.0,3.23
Maharashtra,2024,3,TOTAL,14749074648556.0,13149615980,1121.64,14292757334348.0,3.19
Telangana,2024,3,TOTAL,14205267906392.0,10440551340,1360.59,13846169733248.0,2.59
Haryana,2024,3,TOTAL,3692826727192.0,3179760880,1161.35,3621778382400.0,1.96
Andhra Pradesh,2024,3,TOTAL,12906582429956.0,8365485448,1542.84,12727689680352.0,1.41
Odisha,2024,3,TOTAL,4708935778536.0,4095761396,1149.71,4659357136004.0,1.06
Uttar Pradesh,2024,3,TOTAL,10869900820936.0,9143823332,1188.77,10816893440268.0,0.49
Chhattisgarh,2024,3,TOTAL,1989440535032.0,1774560408,1121.09,1985253729676.0,0.21
Rajasthan,2024,3,TOTAL,9889030863620.0,7741620140,1277.39,9988378151696.0,-0.99
Madhya Pradesh,2024,3,TOTAL,7044329866124.0,6150953828,1145.24,7118719786508.0,-1.04
Jharkhand,2024,3,TOTAL,2439638162368.0,2090303532,1167.12,2480463689964.0,-1.65
Meghalaya,2024,3,TOTAL,65171826784.0,48440496,1345.4,67178456376.0,-2.99
Goa,2024,3,TOTAL,183654112048.0,147048444,1248.94,189819322848.0,-3.25
Assam,2024,3,TOTAL,1334233234200.0,1181382364,1129.38,1381234680840.0,-3.4
Uttarakhand,2024,3,TOTAL,693659470196.0,637115260,1088.75,722451663160.0,-3.99
Himachal Pradesh,2024,3,TOTAL,226463766392.0,198950196,1138.29,239398962808.0,-5.4
Bihar,2024,3,TOTAL,7121121893356.0,5411504892,1315.92,7547386258704.0,-5.65
Sikkim,2024,3,TOTAL,42279316288.0,30855124,1370.25,45186072620.0,-6.43
Ladakh,2024,2,TOTAL,40502893392.0,21309436,1900.7,24341562644.0,66.39
Jammu & Kashmir,2024,2,TOTAL,516247027644.0,432716056,1193.04,375843715764.0,37.36
Himachal Pradesh,2024,2,TOTAL,239398962808.0,210335204,1138.18,191536925356.0,24.99
Uttarakhand,2024,2,TOTAL,722451663160.0,634259928,1139.05,601107341052.0,20.19
Sikkim,2024,2,TOTAL,45186072620.0,28753288,1571.51,37822886092.0,19.47
Manipur,2024,2,TOTAL,43592003172.0,20253296,2152.34,36971893292.0,17.91
Bihar,2024,2,TOTAL,7547386258704.0,5255553540,1436.08,6550947459584.0,15.21
Arunachal Pradesh,2024,2,TOTAL,118825406520.0,77913488,1525.09,104188177904.0,14.05
Lakshadweep,2024,2,TOTAL,584851364.0,436340,1340.36,520209524.0,12.43
Haryana,2024,2,TOTAL,3621778382400.0,2954215700,1225.97,3227152876928.0,12.23
Chandigarh,2024,2,TOTAL,70227615248.0,63763892,1101.37,63368704724.0,10.82
Jharkhand,2024,2,TOTAL,2480463689964.0,1998743484,1241.01,2238880948292.0,10.79
Nagaland,2024,2,TOTAL,44051652384.0,22394800,1967.05,40179661232.0,9.64
Madhya Pradesh,2024,2,TOTAL,7118719786508.0,5741888228,1239.79,6501680919456.0,9.49
Punjab,2024,2,TOTAL,977740147936.0,687784548,1421.58,893213681288.0,9.46
Uttar Pradesh,2024,2,TOTAL,10816893440268.0,8542154632,1266.3,9910172426556.0,9.15
West Bengal,2024,2,TOTAL,6189375262256.0,3921922828,1578.15,5688102027332.0,8.81
Karnataka,2024,2,TOTAL,15140138813752.0,12168051392,1244.25,13940994618024.0,8.6
Telangana,2024,2,TOTAL,13846169733248.0,9669057428,1432.01,12815077204292.0,8.05
Tamil Nadu,2024,2,TOTAL,3940604599464.0,2820334744,1397.21,3655444444248.0,7.8
Delhi,2024,2,TOTAL,3587670704720.0,3110161600,1153.53,3330056124452.0,7.74
Assam,2024,2,TOTAL,1381234680840.0,1085308348,1272.67,1284735624120.0,7.51
Meghalaya,2024,2,TOTAL,67178456376.0,44358644,1514.44,62517218632.0,7.46
Chhattisgarh,2024,2,TOTAL,1985253729676.0,1648190820,1204.5,1852039239604.0,7.19
Kerala,2024,2,TOTAL,968015290380.0,779489868,1241.86,908311898952.0,6.57
Andaman & Nicobar Islands,2024,2,TOTAL,29183121320.0,18612896,1567.9,27436607340.0,6.37
Rajasthan,2024,2,TOTAL,9988378151696.0,7275420424,1372.89,9402000695160.0,6.24
Maharashtra,2024,2,TOTAL,14292757334348.0,12253979208,1166.38,13491595579424.0,5.94
Andhra Pradesh,2024,2,TOTAL,12727689680352.0,7720489200,1648.56,12050902678996.0,5.62
Puducherry,2024,2,TOTAL,72968038944.0,58259580,1252.46,69545927908.0,4.92
Goa,2024,2,TOTAL,189819322848.0,148003224,1282.54,181407601040.0,4.64
Mizoram,2024,2,TOTAL,15193910560.0,7908316,1921.26,14520386920.0,4.64
Gujarat,2024,2,TOTAL,3642500187732.0,2761580612,1318.99,3486477859696.0,4.48
Dadra & Nagar Haveli & Daman & Diu,2024,2,TOTAL,81315970844.0,93572460,869.02,78076785300.0,4.15
Tripura,2024,2,TOTAL,72549724272.0,51150188,1418.37,71008757496.0,2.17
Odisha,2024,2,TOTAL,4659357136004.0,3776110940,1233.9,4625554890144.0,0.73
Manipur,2024,1,TOTAL,36971893292.0,15382256,2403.54,27201301192.0,35.92
Odisha,2024,1,TOTAL,4625554890144.0,3456713808,1338.14,3915167462548.0,18.14
Chhattisgarh,2024,1,TOTAL,1852039239604.0,1464706736,1264.44,1615940138180.0,14.61
Bihar,2024,1,TOTAL,6550947459584.0,4314939132,1518.2,5738943233660.0,14.15
Madhya Pradesh,2024,1,TOTAL,6501680919456.0,5144626456,1263.78,5706011522748.0,13.94
West Bengal,2024,1,TOTAL,5688102027332.0,3345634348,1700.16,4997579904312.0,13.82
Rajasthan,2024,1,TOTAL,9402000695160.0,6397896028,1469.55,8265518431204.0,13.75
Meghalaya,2024,1,TOTAL,62517218632.0,34125048,1832.0,55492234768.0,12.66
Assam,2024,1,TOTAL,1284735624120.0,886100224,1449.88,1142414547724.0,12.46
Jharkhand,2024,1,TOTAL,2238880948292.0,1707036380,1311.56,1994880419700.0,12.23
Dadra & Nagar Haveli & Daman & Diu,2024,1,TOTAL,78076785300.0,84460036,924.42,70232239868.0,11.17
Sikkim,2024,1,TOTAL,37822886092.0,23280584,1624.65,34362433884.0,10.07
Uttar Pradesh,2024,1,TOTAL,9910172426556.0,7141187792,1387.75,9029764646608.0,9.75
Gujarat,2024,1,TOTAL,3486477859696.0,2426306684,1436.95,3180348796296.0,9.63
Andaman & Nicobar Islands,2024,1,TOTAL,27436607340.0,16739680,1639.02,25078209996.0,9.4
Maharashtra,2024,1,TOTAL,13491595579424.0,11343081924,1189.41,12392059739832.0,8.87
Lakshadweep,2024,1,TOTAL,520209524.0,324704,1602.1,479325532.0,8.53
Arunachal Pradesh,2024,1,TOTAL,104188177904.0,65625656,1587.61,96515199176.0,7.95
Karnataka,2024,1,TOTAL,13940994618024.0,11185756620,1246.32,12965505697532.0,7.52
Andhra Pradesh,2024,1,TOTAL,12050902678996.0,7021713940,1716.23,11210059911292.0,7.5
Tripura,2024,1,TOTAL,71008757496.0,44170556,1607.6,67279587176.0,5.54
Tamil Nadu,2024,1,TOTAL,3655444444248.0,2561308788,1427.18,3491482660020.0,4.7
Delhi,2024,1,TOTAL,3330056124452.0,2602936232,1279.35,3198598877396.0,4.11
Nagaland,2024,1,TOTAL,40179661232.0,17035696,2358.56,38698301688.0,3.83
Haryana,2024,1,TOTAL,3227152876928.0,2417174000,1335.09,3129081938400.0,3.13
Telangana,2024,1,TOTAL,12815077204292.0,8717541228,1470.03,12465669899060.0,2.8
Mizoram,2024,1,TOTAL,14520386920.0,6508064,2231.14,14163361132.0,2.52
Goa,2024,1,TOTAL,181407601040.0,140055948,1295.25,177150686228.0,2.4
Puducherry,2024,1,TOTAL,69545927908.0,53787800,1292.97,68098042200.0,2.13
Uttarakhand,2024,1,TOTAL,601107341052.0,492938308,1219.44,592333789048.0,1.48
Jammu & Kashmir,2024,1,TOTAL,375843715764.0,300465420,1250.87,372280567040.0,0.96
Kerala,2024,1,TOTAL,908311898952.0,725855864,1251.37,899941285860.0,0.93
Himachal Pradesh,2024,1,TOTAL,191536925356.0,158082244,1211.63,193120986256.0,-0.82
Chandigarh,2024,1,TOTAL,63368704724.0,52620692,1204.25,65124892004.0,-2.7
Punjab,2024,1,TOTAL,893213681288.0,570148716,1566.63,924557848660.0,-3.39
Ladakh,2024,1,TOTAL,24341562644.0,11948404,2037.22,27771947780.0,-12.35
Manipur,2023,4,TOTAL,27201301192.0,8452800,3218.02,14433146404.0,88.46
Lakshadweep,2023,4,TOTAL,479325532.0,253916,1887.73,378108244.0,26.77
Bihar,2023,4,TOTAL,5738943233660.0,3697709096,1552.03,4592613453464.0,24.96
Meghalaya,2023,4,TOTAL,55492234768.0,29073536,1908.69,45626532320.0,21.62
Uttar Pradesh,2023,4,TOTAL,9029764646608.0,6266821528,1440.88,7446993448024.0,21.25
Andaman & Nicobar Islands,2023,4,TOTAL,25078209996.0,14783132,1696.41,20846387164.0,20.3
Jharkhand,2023,4,TOTAL,1994880419700.0,1498153448,1331.56,1673537696080.0,19.2
Goa,2023,4,TOTAL,177150686228.0,133843912,1323.56,149500719896.0,18.49
Assam,2023,4,TOTAL,1142414547724.0,775008628,1474.07,976232057608.0,17.02
West Bengal,2023,4,TOTAL,4997579904312.0,2951812952,1693.05,4286194425528.0,16.6
Odisha,2023,4,TOTAL,3915167462548.0,2928549904,1336.9,3361193352496.0,16.48
Dadra & Nagar Haveli & Daman & Diu,2023,4,TOTAL,70232239868.0,73209492,959.33,60384265852.0,16.31
Haryana,2023,4,TOTAL,3129081938400.0,2218992932,1410.14,2709967922960.0,15.47
Himachal Pradesh,2023,4,TOTAL,193120986256.0,154607356,1249.11,167418286548.0,15.35
Chhattisgarh,2023,4,TOTAL,1615940138180.0,1287505328,1255.09,1401518718104.0,15.3
Madhya Pradesh,2023,4,TOTAL,5706011522748.0,4409178452,1294.12,4951287992996.0,15.24
Uttarakhand,2023,4,TOTAL,592333789048.0,472285760,1254.19,515049592484.0,15.01
Rajasthan,2023,4,TOTAL,8265518431204.0,5397888616,1531.25,7200901774464.0,14.78
Arunachal Pradesh,2023,4,TOTAL,96515199176.0,58470968,1650.65,84509564344.0,14.21
Mizoram,2023,4,TOTAL,14163361132.0,6002912,2359.42,12424520940.0,14.0
Delhi,2023,4,TOTAL,3198598877396.0,2392602984,1336.87,2832797005752.0,12.91
Punjab,2023,4,TOTAL,924557848660.0,568915980,1625.12,820902330948.0,12.63
Maharashtra,2023,4,TOTAL,12392059739832.0,10288650900,1204.44,11008688736964.0,12.57
Gujarat,2023,4,TOTAL,3180348796296.0,2136462312,1488.61,2830948145800.0,12.34
Nagaland,2023,4,TOTAL,38698301688.0,15188716,2547.83,34465198692.0,12.28
Tripura,2023,4,TOTAL,67279587176.0,40563640,1658.62,60996893320.0,10.3
Telangana,2023,4,TOTAL,12465669899060.0,8083288712,1542.15,11480811604292.0,8.58
Karnataka,2023,4,TOTAL,12965505697532.0,10257736656,1263.97,11943523582348.0,8.56
Jammu & Kashmir,2023,4,TOTAL,372280567040.0,276668528,1345.58,344064593704.0,8.2
Sikkim,2023,4,TOTAL,34362433884.0,19429296,1768.59,32428949684.0,5.96
Andhra Pradesh,2023,4,TOTAL,11210059911292.0,6387949704,1754.88,10613656392392.0,5.62
Chandigarh,2023,4,TOTAL,65124892004.0,53120312,1225.99,61707133244.0,5.54
Tamil Nadu,2023,4,TOTAL,3491482660020.0,2373925524,1470.76,3332421058792.0,4.77
Puducherry,2023,4,TOTAL,68098042200.0,51944652,1310.97,65777967356.0,3.53
Kerala,2023,4,TOTAL,899941285860.0,719372372,1251.01,881330453316.0,2.11
Ladakh,2023,4,TOTAL,27771947780.0,12600872,2203.97,33002288972.0,-15.85
Ladakh,2023,3,TOTAL,33002288972.0,14485464,2278.3,28764415544.0,14.73
Jammu & Kashmir,2023,3,TOTAL,344064593704.0,255614316,1346.03,306120021520.0,12.4
Dadra & Nagar Haveli & Daman & Diu,2023,3,TOTAL,60384265852.0,61481312,982.16,55002152752.0,9.79
Gujarat,2023,3,TOTAL,2830948145800.0,1917214360,1476.59,2581628834100.0,9.66
Tripura,2023,3,TOTAL,60996893320.0,36435048,1674.13,55676520328.0,9.56
Karnataka,2023,3,TOTAL,11943523582348.0,9477049208,1260.26,11110396395320.0,7.5
Nagaland,2023,3,TOTAL,34465198692.0,13689324,2517.67,32085597240.0,7.42
Tamil Nadu,2023,3,TOTAL,3332421058792.0,2224340032,1498.16,3105450204060.0,7.31
Chandigarh,2023,3,TOTAL,61707133244.0,52208660,1181.93,57657635000.0,7.02
Delhi,2023,3,TOTAL,2832797005752.0,2186827932,1295.39,2646914062628.0,7.02
Puducherry,2023,3,TOTAL,65777967356.0,49518564,1328.35,61546933028.0,6.87
Arunachal Pradesh,2023,3,TOTAL,84509564344.0,51209732,1650.26,79222794656.0,6.67
Telangana,2023,3,TOTAL,11480811604292.0,7500183696,1530.74,10792599740032.0,6.38
West Bengal,2023,3,TOTAL,4286194425528.0,2528372764,1695.24,4037260427888.0,6.17
Kerala,2023,3,TOTAL,881330453316.0,682634604,1291.07,831186683940.0,6.03
Rajasthan,2023,3,TOTAL,7200901774464.0,4948928668,1455.04,6793822345200.0,5.99
Andhra Pradesh,2023,3,TOTAL,10613656392392.0,5900657612,1798.72,10024156347664.0,5.88
Punjab,2023,3,TOTAL,820902330948.0,528644724,1552.84,776726301816.0,5.69
Maharashtra,2023,3,TOTAL,11008688736964.0,9162714348,1201.47,10424018425872.0,5.61
Chhattisgarh,2023,3,TOTAL,1401518718104.0,1133970628,1235.94,1332627387016.0,5.17
Odisha,2023,3,TOTAL,3361193352496.0,2489590412,1350.1,3197328216416.0,5.13
Andaman & Nicobar Islands,2023,3,TOTAL,20846387164.0,12393504,1682.04,19961376944.0,4.43
Assam,2023,3,TOTAL,976232057608.0,670301404,1456.41,940443155132.0,3.81
Madhya Pradesh,2023,3,TOTAL,4951287992996.0,3915250372,1264.62,4809763798032.0,2.94
Meghalaya,2023,3,TOTAL,45626532320.0,24119368,1891.7,44338025944.0,2.91
Haryana,2023,3,TOTAL,2709967922960.0,2006077912,1350.88,2646968514544.0,2.38
Uttar Pradesh,2023,3,TOTAL,7446993448024.0,5418489864,1374.37,7346488306104.0,1.37
Jharkhand,2023,3,TOTAL,1673537696080.0,1272949704,1314.69,1688858910032.0,-0.91
Mizoram,2023,3,TOTAL,12424520940.0,5241652,2370.34,12767226304.0,-2.68
Goa,2023,3,TOTAL,149500719896.0,107998912,1384.28,153648827772.0,-2.7
Lakshadweep,2023,3,TOTAL,378108244.0,175028,2160.27,391949752.0,-3.53
Uttarakhand,2023,3,TOTAL,515049592484.0,425138748,1211.49,536291489592.0,-3.96
Sikkim,2023,3,TOTAL,32428949684.0,19219748,1687.27,34321401744.0,-5.51
Bihar,2023,3,TOTAL,4592613453464.0,2936955004,1563.73,4904186981560.0,-6.35
Himachal Pradesh,2023,3,TOTAL,167418286548.0,133348216,1255.5,187500254872.0,-10.71
Manipur,2023,3,TOTAL,14433146404.0,3461912,4169.13,17855506612.0,-19.17
Ladakh,2023,2,TOTAL,28764415544.0,11775260,2442.78,15396085192.0,86.83
Jammu & Kashmir,2023,2,TOTAL,306120021520.0,218353196,1401.95,223686990324.0,36.85
Sikkim,2023,2,TOTAL,34321401744.0,17651868,1944.35,27050272088.0,26.88
Uttarakhand,2023,2,TOTAL,536291489592.0,411032856,1304.74,428719630340.0,25.09
Himachal Pradesh,2023,2,TOTAL,187500254872.0,140246380,1336.93,150963790936.0,24.2
Arunachal Pradesh,2023,2,TOTAL,79222794656.0,41441952,1911.66,65578313816.0,20.81
Bihar,2023,2,TOTAL,4904186981560.0,2735732376,1792.64,4157107839776.0,17.97
Jharkhand,2023,2,TOTAL,1688858910032.0,1156935572,1459.77,1469485344084.0,14.93
Lakshadweep,2023,2,TOTAL,391949752.0,139672,2806.22,341287844.0,14.84
Telangana,2023,2,TOTAL,10792599740032.0,6661723884,1620.09,9490326937136.0,13.72
Madhya Pradesh,2023,2,TOTAL,4809763798032.0,3392148240,1417.91,4248106399604.0,13.22
West Bengal,2023,2,TOTAL,4037260427888.0,2181270744,1850.88,3587532730220.0,12.54
Karnataka,2023,2,TOTAL,11110396395320.0,8271470104,1343.22,9880908905268.0,12.44
Chandigarh,2023,2,TOTAL,57657635000.0,46214748,1247.6,51299577576.0,12.39
Uttar Pradesh,2023,2,TOTAL,7346488306104.0,4845642328,1516.1,6547745061488.0,12.2
Haryana,2023,2,TOTAL,2646968514544.0,1830144760,1446.32,2364602494944.0,11.94
Andaman & Nicobar Islands,2023,2,TOTAL,19961376944.0,10831100,1842.97,17846114348.0,11.85
Andhra Pradesh,2023,2,TOTAL,10024156347664.0,5222627856,1919.37,8996205266120.0,11.43
Assam,2023,2,TOTAL,940443155132.0,553163812,1700.12,849416668348.0,10.72
Chhattisgarh,2023,2,TOTAL,1332627387016.0,999726544,1332.99,1204355745836.0,10.65
Punjab,2023,2,TOTAL,776726301816.0,469161156,1655.56,702034707440.0,10.64
Maharashtra,2023,2,TOTAL,10424018425872.0,8254871392,1262.77,9449143624236.0,10.32
Meghalaya,2023,2,TOTAL,44338025944.0,20308848,2183.19,40339362460.0,9.91
Goa,2023,2,TOTAL,153648827772.0,106122360,1447.85,140387863100.0,9.45
Rajasthan,2023,2,TOTAL,6793822345200.0,4293837352,1582.23,6219653503400.0,9.23
Dadra & Nagar Haveli & Daman & Diu,2023,2,TOTAL,55002152752.0,53428460,1029.45,50456364800.0,9.01
Tamil Nadu,2023,2,TOTAL,3105450204060.0,1993718552,1557.62,2862334694072.0,8.49
Delhi,2023,2,TOTAL,2646914062628.0,1928555992,1372.48,2445612438320.0,8.23
Puducherry,2023,2,TOTAL,61546933028.0,44521304,1382.42,56889554024.0,8.19
Mizoram,2023,2,TOTAL,12767226304.0,4835720,2640.19,11822490956.0,7.99
Gujarat,2023,2,TOTAL,2581628834100.0,1667690212,1548.03,2391304755224.0,7.96
Kerala,2023,2,TOTAL,831186683940.0,624682468,1330.57,774548358708.0,7.31
Odisha,2023,2,TOTAL,3197328216416.0,2178391316,1467.75,3015875910652.0,6.02
Tripura,2023,2,TOTAL,55676520328.0,31718172,1755.35,53153131564.0,4.75
Nagaland,2023,2,TOTAL,32085597240.0,11688004,2745.17,31257591416.0,2.65
Manipur,2023,2,TOTAL,17855506612.0,6425084,2779.03,34342256368.0,-48.01
Arunachal Pradesh,2023,1,TOTAL,65578313816.0,32171300,2038.41,38739638790.00901,69.28
Andhra Pradesh,2023,1,TOTAL,8996205266120.0,4582129856,1963.32,5698900332166.624,57.86
Dadra & Nagar Haveli & Daman & Diu,2023,1,TOTAL,50456364800.0,47215940,1068.63,32238562984.324512,56.51
Lakshadweep,2023,1,TOTAL,341287844.0,118080,2890.31,219255494.459745,55.66
Mizoram,2023,1,TOTAL,11822490956.0,4210380,2807.94,8151644341.052078,45.03
Goa,2023,1,TOTAL,140387863100.0,96780280,1450.58,99699945485.35661,40.81
Ladakh,2023,1,TOTAL,15396085192.0,6268984,2455.91,11577910290.715796,32.98
Jharkhand,2023,1,TOTAL,1469485344084.0,961832412,1527.8,1111886949794.3257,32.16
Karnataka,2023,1,TOTAL,9880908905268.0,7378788756,1339.1,7618066491630.574,29.7
Puducherry,2023,1,TOTAL,56889554024.0,40577180,1402.01,44568819508.697975,27.64
Tripura,2023,1,TOTAL,53153131564.0,28474748,1866.68,41811887272.616394,27.12
Jammu & Kashmir,2023,1,TOTAL,223686990324.0,155708976,1436.57,177261183661.9754,26.19
Haryana,2023,1,TOTAL,2364602494944.0,1525273856,1550.28,1961962639520.4143,20.52
Chhattisgarh,2023,1,TOTAL,1204355745836.0,858995828,1402.05,1010076723241.886,19.23
Uttar Pradesh,2023,1,TOTAL,6547745061488.0,4010230888,1632.76,5505515208278.049,18.93
Odisha,2023,1,TOTAL,3015875910652.0,1931584352,1561.35,2608868258096.0015,15.6
West Bengal,2023,1,TOTAL,3587532730220.0,1837113376,1952.81,3151102534428.9995,13.85
Nagaland,2023,1,TOTAL,31257591416.0,10742280,2909.77,27879865537.256184,12.12
Meghalaya,2023,1,TOTAL,40339362460.0,16658820,2421.5,35986164625.394615,12.1
Andaman & Nicobar Islands,2023,1,TOTAL,17846114348.0,9105568,1959.91,15938697617.715147,11.97
Kerala,2023,1,TOTAL,774548358708.0,590486260,1311.71,694239234398.8387,11.57
Bihar,2023,1,TOTAL,4157107839776.0,2191324780,1897.08,3744048598699.328,11.03
Assam,2023,1,TOTAL,849416668348.0,455042552,1866.68,770614076750.1844,10.23
Maharashtra,2023,1,TOTAL,9449143624236.0,7393073996,1278.11,8841883358468.521,6.87
Rajasthan,2023,1,TOTAL,6219653503400.0,3684386744,1688.11,5827826797594.63,6.72
Tamil Nadu,2023,1,TOTAL,2862334694072.0,1844849548,1551.53,2702758670365.7524,5.9
Gujarat,2023,1,TOTAL,2391304755224.0,1450045304,1649.12,2271673221346.152,5.27
Sikkim,2023,1,TOTAL,27050272088.0,13584512,1991.26,25833541557.67925,4.71
Punjab,2023,1,TOTAL,702034707440.0,387643284,1811.03,672429708711.7561,4.4
Uttarakhand,2023,1,TOTAL,428719630340.0,317542700,1350.12,461984187325.4373,-7.2
Himachal Pradesh,2023,1,TOTAL,150963790936.0,109206904,1382.36,167117372929.49475,-9.67
Delhi,2023,1,TOTAL,2445612438320.0,1639012412,1492.13,2979660064074.3037,-17.92
Madhya Pradesh,2023,1,TOTAL,4248106399604.0,2938267880,1445.79,5211999430193.295,-18.49
Telangana,2023,1,TOTAL,9490326937136.0,5761325832,1647.25,11913010251664.59,-20.34
Manipur,2023,1,TOTAL,34342256368.0,13033532,2634.92,62503826793.36594,-45.06
Chandigarh,2023,1,TOTAL,51299577576.0,39262420,1306.58,111519018267.75768,-54.0
Chandigarh,2022,4,TOTAL,111519018267.76,71619360,1557.11,82239030949.6234,35.6
Nagaland,2022,4,TOTAL,27879865537.26,9904820,2814.78,21457601980.20332,29.93
Goa,2022,4,TOTAL,99699945485.36,68770696,1449.74,78297061102.82532,27.34
Madhya Pradesh,2022,4,TOTAL,5211999430193.29,3595313072,1449.66,4131633976998.656,26.15
Sikkim,2022,4,TOTAL,25833541557.68,12233356,2111.73,20651522175.565834,25.09
Uttarakhand,2022,4,TOTAL,461984187325.44,311935520,1481.02,370565039753.4522,24.67
Uttar Pradesh,2022,4,TOTAL,5505515208278.05,3345476284,1645.66,4485480203595.104,22.74
Jharkhand,2022,4,TOTAL,1111886949794.33,701200368,1585.69,917651536255.8314,21.17
Tripura,2022,4,TOTAL,41811887272.62,20792760,2010.89,34593411219.64456,20.87
Andaman & Nicobar Islands,2022,4,TOTAL,15938697617.72,7950140,2004.83,13242527088.54955,20.36
Assam,2022,4,TOTAL,770614076750.18,415925068,1852.77,645956316219.594,19.3
Bihar,2022,4,TOTAL,3744048598699.33,2068338596,1810.17,3165785946231.662,18.27
Rajasthan,2022,4,TOTAL,5827826797594.63,3462299392,1683.22,4953957025273.106,17.64
Odisha,2022,4,TOTAL,2608868258096.0,1782858972,1463.31,2258182229362.2,15.53
Lakshadweep,2022,4,TOTAL,219255494.46,68588,3196.7,190320038.47000104,15.2
Chhattisgarh,2022,4,TOTAL,1010076723241.89,711841784,1418.96,880646232327.9559,14.7
Haryana,2022,4,TOTAL,1961962639520.41,1186593460,1653.44,1712217978312.1057,14.59
Karnataka,2022,4,TOTAL,7618066491630.57,5515641484,1381.18,6663672930444.096,14.32
Gujarat,2022,4,TOTAL,2271673221346.15,1364624072,1664.69,1989750008837.7976,14.17
Maharashtra,2022,4,TOTAL,8841883358468.52,6755101088,1308.92,7790316749498.1875,13.5
Punjab,2022,4,TOTAL,672429708711.76,367340720,1830.53,597277772025.419,12.58
West Bengal,2022,4,TOTAL,3151102534429.0,1623390388,1941.06,2818999594448.5767,11.78
Himachal Pradesh,2022,4,TOTAL,167117372929.49,114220544,1463.11,149523130754.1616,11.77
Telangana,2022,4,TOTAL,11913010251664.59,7278027328,1636.85,10825303463008.291,10.05
Delhi,2022,4,TOTAL,2979660064074.3,2060813828,1445.87,2710450588464.4653,9.93
Jammu & Kashmir,2022,4,TOTAL,177261183661.98,109264632,1622.31,163854218008.99292,8.18
Arunachal Pradesh,2022,4,TOTAL,38739638790.01,18530836,2090.55,36100443140.19443,7.31
Dadra & Nagar Haveli & Daman & Diu,2022,4,TOTAL,32238562984.32,28758340,1121.02,30082589437.99775,7.17
Kerala,2022,4,TOTAL,694239234398.84,531841872,1305.35,649041677261.718,6.96
Tamil Nadu,2022,4,TOTAL,2702758670365.75,1745266544,1548.62,2527516881493.0737,6.93
Mizoram,2022,4,TOTAL,8151644341.05,2775096,2937.43,7785062448.271816,4.71
Andhra Pradesh,2022,4,TOTAL,5698900332166.62,2760068308,2064.77,5540309638848.573,2.86
Puducherry,2022,4,TOTAL,44568819508.7,30224508,1474.59,43417270844.5638,2.65
Manipur,2022,4,TOTAL,62503826793.37,25714680,2430.67,61525721069.1989,1.59
Meghalaya,2022,4,TOTAL,35986164625.39,15729792,2287.77,38413203188.48619,-6.32
Ladakh,2022,4,TOTAL,11577910290.72,4333488,2671.73,14420797401.495619,-19.71
Meghalaya,2022,3,TOTAL,38413203188.49,17436660,2203.01,21125965687.539185,81.83
Telangana,2022,3,TOTAL,10825303463008.29,6512661604,1662.19,7805658178068.31,38.69
Tripura,2022,3,TOTAL,34593411219.64,17026316,2031.76,27513084168.141205,25.73
Andaman & Nicobar Islands,2022,3,TOTAL,13242527088.55,6337516,2089.55,10743681400.321064,23.26
Chhattisgarh,2022,3,TOTAL,880646232327.96,633010348,1391.2,724726708655.1249,21.51
Madhya Pradesh,2022,3,TOTAL,4131633976998.66,2925038236,1412.51,3468098949314.343,19.13
Chandigarh,2022,3,TOTAL,82239030949.62,53912692,1525.41,69134000633.48398,18.96
Gujarat,2022,3,TOTAL,1989750008837.8,1212958928,1640.41,1787192003907.382,11.33
Himachal Pradesh,2022,3,TOTAL,149523130754.16,100659472,1485.44,134836431832.96918,10.89
Odisha,2022,3,TOTAL,2258182229362.2,1546749304,1459.95,2040140049360.1091,10.69
Punjab,2022,3,TOTAL,597277772025.42,336711588,1773.86,549381705476.9082,8.72
West Bengal,2022,3,TOTAL,2818999594448.58,1427169552,1975.24,2594300718336.982,8.66
Haryana,2022,3,TOTAL,1712217978312.11,1077447240,1589.14,1580936140998.0254,8.3
Delhi,2022,3,TOTAL,2710450588464.47,1902368644,1424.78,2519422601832.867,7.58
Dadra & Nagar Haveli & Daman & Diu,2022,3,TOTAL,30082589438.0,25862484,1163.17,27980639123.243355,7.51
Rajasthan,2022,3,TOTAL,4953957025273.11,3070165440,1613.58,4611334074401.568,7.43
Tamil Nadu,2022,3,TOTAL,2527516881493.07,1573984700,1605.81,2360538910713.586,7.07
Assam,2022,3,TOTAL,645956316219.59,344455244,1875.3,612444168347.1337,5.47
Uttar Pradesh,2022,3,TOTAL,4485480203595.1,2814356288,1593.79,4270060729680.0356,5.04
Bihar,2022,3,TOTAL,3165785946231.66,1749469540,1809.57,3017845819864.5605,4.9
Uttarakhand,2022,3,TOTAL,370565039753.45,255986076,1447.6,353253484101.337,4.9
Kerala,2022,3,TOTAL,649041677261.72,477451616,1359.39,618785318196.4978,4.89
Manipur,2022,3,TOTAL,61525721069.2,25410968,2421.23,59691642540.59723,3.07
Ladakh,2022,3,TOTAL,14420797401.5,4763432,3027.4,14173272711.98508,1.75
Jharkhand,2022,3,TOTAL,917651536255.83,587261328,1562.59,902544911312.5513,1.67
Arunachal Pradesh,2022,3,TOTAL,36100443140.19,15757672,2290.98,36526661496.90346,-1.17
Mizoram,2022,3,TOTAL,7785062448.27,2636152,2953.19,8012746268.435746,-2.84
Maharashtra,2022,3,TOTAL,7790316749498.19,5945557668,1310.28,8025089528703.556,-2.93
Andhra Pradesh,2022,3,TOTAL,5540309638848.57,2571420140,2154.57,5919415792811.734,-6.4
Nagaland,2022,3,TOTAL,21457601980.2,7576452,2832.14,22961141396.081123,-6.55
Sikkim,2022,3,TOTAL,20651522175.57,9587032,2154.11,22444422681.228554,-7.99
Karnataka,2022,3,TOTAL,6663672930444.1,4759045312,1400.21,7468584456236.935,-10.78
Jammu & Kashmir,2022,3,TOTAL,163854218008.99,90137576,1817.82,185017163346.54236,-11.44
Goa,2022,3,TOTAL,78297061102.83,52754748,1484.17,91492151038.0808,-14.42
Lakshadweep,2022,3,TOTAL,190320038.47,60964,3121.84,223718407.95962274,-14.93
Puducherry,2022,3,TOTAL,43417270844.56,28170908,1541.21,55114981023.075584,-21.22
Ladakh,2022,2,TOTAL,14173272711.99,4472292,3169.13,8100163675.368835,74.98
Jammu & Kashmir,2022,2,TOTAL,185017163346.54,95254988,1942.34,132591454504.63629,39.54
Sikkim,2022,2,TOTAL,22444422681.23,9288324,2416.41,17469725103.4537,28.48
Himachal Pradesh,2022,2,TOTAL,134836431832.97,85165484,1583.23,106073789759.73123,27.12
Andaman & Nicobar Islands,2022,2,TOTAL,10743681400.32,4284868,2507.35,8516120808.300669,26.16
Uttarakhand,2022,2,TOTAL,353253484101.34,232667512,1518.28,283915130000.2986,24.42
Bihar,2022,2,TOTAL,3017845819864.56,1440580116,2094.88,2445646782924.5835,23.4
Uttar Pradesh,2022,2,TOTAL,4270060729680.04,2381195104,1793.24,3532492696468.104,20.88
Maharashtra,2022,2,TOTAL,8025089528703.56,5630132452,1425.38,6725597095924.537,19.32
Karnataka,2022,2,TOTAL,7468584456236.93,5109795840,1461.62,6266597953223.527,19.18
West Bengal,2022,2,TOTAL,2594300718336.98,1262968564,2054.13,2205706652838.248,17.62
Delhi,2022,2,TOTAL,2519422601832.87,1642536736,1533.86,2147859683345.1553,17.3
Telangana,2022,2,TOTAL,7805658178068.31,4253530228,1835.1,6682552679315.898,16.81
Arunachal Pradesh,2022,2,TOTAL,36526661496.9,14227700,2567.29,31312366512.34946,16.65
Punjab,2022,2,TOTAL,549381705476.91,289091292,1900.37,473559912423.85144,16.01
Madhya Pradesh,2022,2,TOTAL,3468098949314.34,2179599316,1591.16,2990660558398.5903,15.96
Jharkhand,2022,2,TOTAL,902544911312.55,531701100,1697.47,778800828348.6688,15.89
Haryana,2022,2,TOTAL,1580936140998.03,938799848,1684.0,1365216170611.1082,15.8
Assam,2022,2,TOTAL,612444168347.13,305338900,2005.78,529121751570.8114,15.75
Goa,2022,2,TOTAL,91492151038.08,56864216,1608.96,79265781611.38445,15.42
Tamil Nadu,2022,2,TOTAL,2360538910713.59,1418027748,1664.66,2051156806402.53,15.08
Chhattisgarh,2022,2,TOTAL,724726708655.12,466336192,1554.09,631388181819.338,14.78
Andhra Pradesh,2022,2,TOTAL,5919415792811.73,2684536120,2205.01,5177282586219.505,14.33
Puducherry,2022,2,TOTAL,55114981023.08,34574748,1594.08,48333899621.54662,14.03
Chandigarh,2022,2,TOTAL,69134000633.48,43089956,1604.41,60699966199.36,13.89
Gujarat,2022,2,TOTAL,1787192003907.38,1008211184,1772.64,1570192369014.1917,13.82
Meghalaya,2022,2,TOTAL,21125965687.54,8178596,2583.08,18649353325.32758,13.28
Odisha,2022,2,TOTAL,2040140049360.11,1253806392,1627.16,1804909247119.2957,13.03
Rajasthan,2022,2,TOTAL,4611334074401.57,2644680600,1743.63,4088200723920.5166,12.8
Dadra & Nagar Haveli & Daman & Diu,2022,2,TOTAL,27980639123.24,23039084,1214.49,24948193469.049564,12.15
Kerala,2022,2,TOTAL,618785318196.5,425461288,1454.39,559955769858.7764,10.51
Tripura,2022,2,TOTAL,27513084168.14,13674656,2011.98,24989319057.399376,10.1
Manipur,2022,2,TOTAL,59691642540.6,24422528,2444.12,56578004313.49526,5.5
Nagaland,2022,2,TOTAL,22961141396.08,8125316,2825.88,22179806835.583027,3.52
Mizoram,2022,2,TOTAL,8012746268.44,2575908,3110.65,7780635854.4449835,2.98
Lakshadweep,2022,2,TOTAL,223718407.96,70276,3183.43,219757730.61572027,1.8
Assam,2022,1,TOTAL,529121751570.81,235559544,2246.23,416739871572.86176,26.97
Meghalaya,2022,1,TOTAL,18649353325.33,6699000,2783.9,15395061600.744617,21.14
West Bengal,2022,1,TOTAL,2205706652838.25,1042020368,2116.76,1848872149048.3882,19.3
Bihar,2022,1,TOTAL,2445646782924.58,1137561736,2149.9,2077486456275.0474,17.72
Jharkhand,2022,1,TOTAL,778800828348.67,443644840,1755.46,664068476014.8237,17.28
Odisha,2022,1,TOTAL,1804909247119.3,1054533996,1711.57,1541004198759.6772,17.13
Puducherry,2022,1,TOTAL,48333899621.55,29436704,1641.96,41694607204.92205,15.92
Chhattisgarh,2022,1,TOTAL,631388181819.34,389653168,1620.39,545596442075.2513,15.72
Tamil Nadu,2022,1,TOTAL,2051156806402.53,1178292600,1740.79,1774895810379.21,15.56
Gujarat,2022,1,TOTAL,1570192369014.19,842188584,1864.42,1369530320214.5112,14.65
Telangana,2022,1,TOTAL,6682552679315.9,3545813540,1884.63,5855032758003.641,14.13
Uttar Pradesh,2022,1,TOTAL,3532492696468.1,1895812984,1863.31,3095563880288.8936,14.11
Maharashtra,2022,1,TOTAL,6725597095924.54,4678025752,1437.7,5901433892514.004,13.97
Karnataka,2022,1,TOTAL,6266597953223.53,4231421628,1480.97,5501885297399.493,13.9
Madhya Pradesh,2022,1,TOTAL,2990660558398.59,1890812232,1581.68,2627549969618.024,13.82
Tripura,2022,1,TOTAL,24989319057.4,11484760,2175.87,21987717857.19779,13.65
Kerala,2022,1,TOTAL,559955769858.78,381123860,1469.22,493368547773.45483,13.5
Rajasthan,2022,1,TOTAL,4088200723920.52,2259848880,1809.06,3615737674177.2646,13.07
Arunachal Pradesh,2022,1,TOTAL,31312366512.35,11216272,2791.69,27774041410.445393,12.74
Nagaland,2022,1,TOTAL,22179806835.58,7703808,2879.07,19756335136.545906,12.27
Dadra & Nagar Haveli & Daman & Diu,2022,1,TOTAL,24948193469.05,19211212,1298.63,22263357545.32264,12.06
Andhra Pradesh,2022,1,TOTAL,5177282586219.5,2330415644,2221.61,4625057788335.92,11.94
Manipur,2022,1,TOTAL,56578004313.5,21254716,2661.9,50633888152.84734,11.74
Haryana,2022,1,TOTAL,1365216170611.11,767954436,1777.73,1236962397201.8425,10.37
Andaman & Nicobar Islands,2022,1,TOTAL,8516120808.3,3178992,2678.87,7730440405.294629,10.16
Delhi,2022,1,TOTAL,2147859683345.16,1323999444,1622.25,1954781256249.565,9.88
Mizoram,2022,1,TOTAL,7780635854.44,2419668,3215.58,7082662966.092166,9.85
Lakshadweep,2022,1,TOTAL,219757730.62,65588,3350.58,203992742.11352405,7.73
Uttarakhand,2022,1,TOTAL,283915130000.3,178243088,1592.85,264592432637.68448,7.3
Punjab,2022,1,TOTAL,473559912423.85,231033208,2049.75,442840504967.9982,6.94
Goa,2022,1,TOTAL,79265781611.38,48856392,1622.42,74509028463.47862,6.38
Chandigarh,2022,1,TOTAL,60699966199.36,34401964,1764.43,57494334042.47383,5.58
Sikkim,2022,1,TOTAL,17469725103.45,6977208,2503.83,16787133046.543232,4.07
Himachal Pradesh,2022,1,TOTAL,106073789759.73,64352720,1648.32,104544882002.50328,1.46
Ladakh,2022,1,TOTAL,8100163675.37,2520060,3214.27,8614140555.121067,-5.97
Jammu & Kashmir,2022,1,TOTAL,132591454504.64,64981244,2040.46,155704949703.0867,-14.84
Goa,2021,4,TOTAL,74509028463.48,44355036,1679.83,41913702371.745476,77.77
Andaman & Nicobar Islands,2021,4,TOTAL,7730440405.29,2544492,3038.11,5240097583.206414,47.52
Sikkim,2021,4,TOTAL,16787133046.54,6337380,2648.91,11957347455.233572,40.39
Meghalaya,2021,4,TOTAL,15395061600.74,5760772,2672.4,11076001806.111883,38.99
Uttar Pradesh,2021,4,TOTAL,3095563880288.89,1624631728,1905.39,2228323365119.7393,38.92
Assam,2021,4,TOTAL,416739871572.86,184081444,2263.89,302801997093.2305,37.63
Jharkhand,2021,4,TOTAL,664068476014.82,384036168,1729.18,487564060475.4123,36.2
Lakshadweep,2021,4,TOTAL,203992742.11,61880,3296.59,155212654.79507256,31.43
Uttarakhand,2021,4,TOTAL,264592432637.68,161445120,1638.9,202109987134.25772,30.92
Bihar,2021,4,TOTAL,2077486456275.05,980507780,2118.79,1588251043825.6482,30.8
Chhattisgarh,2021,4,TOTAL,545596442075.25,338869976,1610.05,418424433051.1069,30.39
Madhya Pradesh,2021,4,TOTAL,2627549969618.02,1617232336,1624.72,2017650415406.1455,30.23
Dadra & Nagar Haveli & Daman & Diu,2021,4,TOTAL,22263357545.32,16628340,1338.88,17223756411.166027,29.26
Punjab,2021,4,TOTAL,442840504968.0,209437440,2114.43,343970243362.4488,28.74
Haryana,2021,4,TOTAL,1236962397201.84,678747900,1822.42,963308369036.8367,28.41
West Bengal,2021,4,TOTAL,1848872149048.39,900118240,2054.03,1449828265026.0493,27.52
Delhi,2021,4,TOTAL,1954781256249.56,1170733436,1669.71,1535433266193.1245,27.31
Maharashtra,2021,4,TOTAL,5901433892514.0,4042926008,1459.69,4637029220669.775,27.27
Rajasthan,2021,4,TOTAL,3615737674177.26,1950486388,1853.76,2842045314169.939,27.22
Odisha,2021,4,TOTAL,1541004198759.68,935701464,1646.9,1215122875732.1655,26.82
Tripura,2021,4,TOTAL,21987717857.2,10082772,2180.72,17456535072.7259,25.96
Gujarat,2021,4,TOTAL,1369530320214.51,731949300,1871.07,1090498504454.353,25.59
Telangana,2021,4,TOTAL,5855032758003.64,3103959092,1886.31,4713156505169.015,24.23
Nagaland,2021,4,TOTAL,19756335136.55,6525932,3027.36,15949667392.021791,23.87
Jammu & Kashmir,2021,4,TOTAL,155704949703.09,67162512,2318.33,126393774592.12851,23.19
Himachal Pradesh,2021,4,TOTAL,104544882002.5,58667456,1781.99,85241048284.51215,22.65
Arunachal Pradesh,2021,4,TOTAL,27774041410.45,9562392,2904.51,22712496701.19528,22.29
Chandigarh,2021,4,TOTAL,57494334042.47,31595612,1819.69,47263532018.77322,21.65
Manipur,2021,4,TOTAL,50633888152.85,18749756,2700.51,41627444115.619415,21.64
Tamil Nadu,2021,4,TOTAL,1774895810379.21,1036623904,1712.19,1460829292215.7334,21.5
Karnataka,2021,4,TOTAL,5501885297399.49,3726901752,1476.26,4532938956630.357,21.38
Kerala,2021,4,TOTAL,493368547773.45,327294964,1507.41,406744647092.5185,21.3
Mizoram,2021,4,TOTAL,7082662966.09,2213316,3200.02,5894994600.847806,20.15
Puducherry,2021,4,TOTAL,41694607204.92,25475240,1636.67,34919897724.05788,19.4
Andhra Pradesh,2021,4,TOTAL,4625057788335.92,2089016012,2213.99,3936872142256.466,17.48
Ladakh,2021,4,TOTAL,8614140555.12,2520748,3417.3,8855938975.738354,-2.73
Ladakh,2021,3,TOTAL,8855938975.74,2363948,3746.25,5709036381.881278,55.12
Andaman & Nicobar Islands,2021,3,TOTAL,5240097583.21,1799056,2912.69,3596588064.4491844,45.7
Lakshadweep,2021,3,TOTAL,155212654.8,53480,2902.26,109533854.63180614,41.7
Chandigarh,2021,3,TOTAL,47263532018.77,26597512,1776.99,33670695759.74442,40.37
Tamil Nadu,2021,3,TOTAL,1460829292215.73,817429616,1787.1,1053949364106.2078,38.61
Jammu & Kashmir,2021,3,TOTAL,126393774592.13,52604164,2402.73,91255021714.36656,38.51
Kerala,2021,3,TOTAL,406744647092.52,252113064,1613.34,296907225744.62604,36.99
Dadra & Nagar Haveli & Daman & Diu,2021,3,TOTAL,17223756411.17,12517880,1375.93,12630673845.675617,36.36
Delhi,2021,3,TOTAL,1535433266193.12,955042432,1607.71,1127764390738.1658,36.15
Karnataka,2021,3,TOTAL,4532938956630.36,3013186156,1504.37,3351548604920.1973,35.25
Puducherry,2021,3,TOTAL,34919897724.06,20486904,1704.5,25995338786.175575,34.33
Chhattisgarh,2021,3,TOTAL,418424433051.11,256951752,1628.42,314915085036.9041,32.87
Manipur,2021,3,TOTAL,41627444115.62,15765584,2640.4,31559311849.586563,31.9
Mizoram,2021,3,TOTAL,5894994600.85,1914116,3079.75,4491497893.208371,31.25
Goa,2021,3,TOTAL,41913702371.75,25871052,1620.1,32051414348.30402,30.77
Gujarat,2021,3,TOTAL,1090498504454.35,596993628,1826.65,840648218208.4684,29.72
West Bengal,2021,3,TOTAL,1449828265026.05,726851952,1994.67,1117739244234.2559,29.71
Himachal Pradesh,2021,3,TOTAL,85241048284.51,48256668,1766.41,65982538159.23691,29.19
Assam,2021,3,TOTAL,302801997093.23,134017764,2259.42,236769893506.65533,27.89
Arunachal Pradesh,2021,3,TOTAL,22712496701.2,7627868,2977.57,17825702467.977528,27.41
Maharashtra,2021,3,TOTAL,4637029220669.78,3171496240,1462.1,3660460222494.806,26.68
Rajasthan,2021,3,TOTAL,2842045314169.94,1601139012,1775.01,2246811060676.978,26.49
Nagaland,2021,3,TOTAL,15949667392.02,5427168,2938.86,12625175855.127474,26.33
Meghalaya,2021,3,TOTAL,11076001806.11,4390924,2522.48,8774469019.562397,26.23
Tripura,2021,3,TOTAL,17456535072.73,8324800,2096.93,13872617444.145094,25.83
Punjab,2021,3,TOTAL,343970243362.45,170133956,2021.76,278124234250.46075,23.68
Odisha,2021,3,TOTAL,1215122875732.17,709450696,1712.77,983456469909.0975,23.56
Sikkim,2021,3,TOTAL,11957347455.23,4642376,2575.7,9699598318.701197,23.28
Uttarakhand,2021,3,TOTAL,202109987134.26,124169136,1627.7,163963271499.3529,23.27
Haryana,2021,3,TOTAL,963308369036.84,561838772,1714.56,801429416954.7362,20.2
Madhya Pradesh,2021,3,TOTAL,2017650415406.15,1245773336,1619.6,1702003072142.4993,18.55
Jharkhand,2021,3,TOTAL,487564060475.41,283182808,1721.73,417730573245.83185,16.72
Andhra Pradesh,2021,3,TOTAL,3936872142256.47,1728130200,2278.11,3402949996432.981,15.69
Uttar Pradesh,2021,3,TOTAL,2228323365119.74,1226173536,1817.3,1928689956665.5452,15.54
Telangana,2021,3,TOTAL,4713156505169.01,2491547072,1891.66,4111833331190.3354,14.62
Bihar,2021,3,TOTAL,1588251043825.65,750684452,2115.74,1498321020746.3157,6.0
Ladakh,2021,2,TOTAL,5709036381.88,1598864,3570.68,3933679252.987517,45.13
Bihar,2021,2,TOTAL,1498321020746.32,622414488,2407.27,1123894598804.9124,33.32
Jammu & Kashmir,2021,2,TOTAL,91255021714.37,40111276,2275.05,68553399572.60692,33.12
Telangana,2021,2,TOTAL,4111833331190.34,1983470176,2073.05,3197437056186.3584,28.6
Andhra Pradesh,2021,2,TOTAL,3402949996432.98,1411068536,2411.61,2689778680706.465,26.51
Jharkhand,2021,2,TOTAL,417730573245.83,216008580,1933.86,334997412492.55835,24.7
Madhya Pradesh,2021,2,TOTAL,1702003072142.5,893258720,1905.39,1374135817529.154,23.86
Uttar Pradesh,2021,2,TOTAL,1928689956665.55,967796524,1992.87,1585150350310.2642,21.67
Maharashtra,2021,2,TOTAL,3660460222494.81,2294465944,1595.34,3079549408613.0005,18.86
Haryana,2021,2,TOTAL,801429416954.74,422723424,1895.87,675753204329.7135,18.6
Punjab,2021,2,TOTAL,278124234250.46,128684992,2161.28,234763548364.4268,18.47
Arunachal Pradesh,2021,2,TOTAL,17825702467.98,6273352,2841.5,15255116316.066576,16.85
Himachal Pradesh,2021,2,TOTAL,65982538159.24,37935608,1739.33,56482187637.95011,16.82
Assam,2021,2,TOTAL,236769893506.66,101731620,2327.4,205305858184.4895,15.33
Odisha,2021,2,TOTAL,983456469909.1,527297348,1865.09,853590944753.3634,15.21
West Bengal,2021,2,TOTAL,1117739244234.26,567589748,1969.27,971748829902.0878,15.02
Andaman & Nicobar Islands,2021,2,TOTAL,3596588064.45,1365656,2633.6,3134826269.5590224,14.73
Gujarat,2021,2,TOTAL,840648218208.47,447365584,1879.11,734803122853.8015,14.4
Rajasthan,2021,2,TOTAL,2246811060676.98,1149908156,1953.9,1965970326630.5815,14.29
Chhattisgarh,2021,2,TOTAL,314915085036.9,178757680,1761.69,277639373046.20624,13.43
Uttarakhand,2021,2,TOTAL,163963271499.35,96001728,1707.92,145152757599.5937,12.96
Manipur,2021,2,TOTAL,31559311849.59,12345100,2556.42,28281150057.916973,11.59
Karnataka,2021,2,TOTAL,3351548604920.2,2122596184,1578.99,3019981429649.5728,10.98
Chandigarh,2021,2,TOTAL,33670695759.74,17670188,1905.51,30385683438.183983,10.81
Puducherry,2021,2,TOTAL,25995338786.18,15005548,1732.38,23597238286.9746,10.16
Sikkim,2021,2,TOTAL,9699598318.7,3906856,2482.71,8870670907.3629,9.34
Kerala,2021,2,TOTAL,296907225744.63,188764132,1572.9,277043880647.5784,7.17
Meghalaya,2021,2,TOTAL,8774469019.56,3638376,2411.64,8222061111.959343,6.72
Dadra & Nagar Haveli & Daman & Diu,2021,2,TOTAL,12630673845.68,8500332,1485.9,11862531644.77402,6.48
Tamil Nadu,2021,2,TOTAL,1053949364106.21,584633768,1802.75,994672575494.6027,5.96
Delhi,2021,2,TOTAL,1127764390738.17,680629056,1656.94,1067713380173.9705,5.62
Tripura,2021,2,TOTAL,13872617444.15,6977716,1988.13,13341366279.173687,3.98
Mizoram,2021,2,TOTAL,4491497893.21,1577360,2847.48,4404422347.7837515,1.98
Nagaland,2021,2,TOTAL,12625175855.13,4523164,2791.23,12429801938.452797,1.57
Lakshadweep,2021,2,TOTAL,109533854.63,45536,2405.43,108171131.65632461,1.26
Goa,2021,2,TOTAL,32051414348.3,18840540,1701.19,39028971516.0857,-17.88
Goa,2021,1,TOTAL,39028971516.09,21326196,1830.1,27599170990.31974,41.41
Assam,2021,1,TOTAL,205305858184.49,78048240,2630.5,160906445277.05685,27.59
Rajasthan,2021,1,TOTAL,1965970326630.58,1010923676,1944.73,1544139119346.0173,27.32
Manipur,2021,1,TOTAL,28281150057.92,9214140,3069.32,22408898233.83502,26.21
Andaman & Nicobar Islands,2021,1,TOTAL,3134826269.56,979008,3202.04,2509130625.25941,24.94
Gujarat,2021,1,TOTAL,734803122853.8,379098260,1938.29,593572240449.7568,23.79
Maharashtra,2021,1,TOTAL,3079549408613.0,2071440960,1486.67,2488622123329.177,23.75
Chandigarh,2021,1,TOTAL,30385683438.18,15880948,1913.34,24587051605.39737,23.58
Delhi,2021,1,TOTAL,1067713380173.97,629436016,1696.3,865060352898.174,23.43
Kerala,2021,1,TOTAL,277043880647.58,169265368,1636.74,227021026588.04553,22.03
West Bengal,2021,1,TOTAL,971748829902.09,473016208,2054.37,796661965462.5925,21.98
Madhya Pradesh,2021,1,TOTAL,1374135817529.15,807993992,1700.68,1137100559089.4856,20.85
Tamil Nadu,2021,1,TOTAL,994672575494.6,546226696,1820.99,825892790003.979,20.44
Odisha,2021,1,TOTAL,853590944753.36,445841432,1914.56,713210652058.469,19.68
Puducherry,2021,1,TOTAL,23597238286.97,13237728,1782.57,19722104870.684826,19.65
Bihar,2021,1,TOTAL,1123894598804.91,459729908,2444.68,955622452545.8911,17.61
Sikkim,2021,1,TOTAL,8870670907.36,3200756,2771.43,7677103220.4916935,15.55
Jharkhand,2021,1,TOTAL,334997412492.56,178486652,1876.88,291220699320.1742,15.03
Telangana,2021,1,TOTAL,3197437056186.36,1650288440,1937.5,2785401756907.8276,14.79
Karnataka,2021,1,TOTAL,3019981429649.57,2095189968,1441.39,2632146794260.073,14.73
Uttarakhand,2021,1,TOTAL,145152757599.59,82433608,1760.84,127170957316.44154,14.14
Meghalaya,2021,1,TOTAL,8222061111.96,2990584,2749.32,7216970288.795883,13.93
Nagaland,2021,1,TOTAL,12429801938.45,3903588,3184.2,11092339482.250744,12.06
Mizoram,2021,1,TOTAL,4404422347.78,1318300,3340.99,3946088462.7758307,11.61
Chhattisgarh,2021,1,TOTAL,277639373046.21,157745748,1760.04,248859897135.79428,11.56
Jammu & Kashmir,2021,1,TOTAL,68553399572.61,27990280,2449.19,61523623213.51281,11.43
Uttar Pradesh,2021,1,TOTAL,1585150350310.26,817998188,1937.84,1429715307113.0715,10.87
Dadra & Nagar Haveli & Daman & Diu,2021,1,TOTAL,11862531644.77,7700976,1540.39,10802044403.314022,9.82
Punjab,2021,1,TOTAL,234763548364.43,107083340,2192.34,215101625918.22006,9.14
Arunachal Pradesh,2021,1,TOTAL,15255116316.07,4709824,3239.0,14281056087.382477,6.82
Haryana,2021,1,TOTAL,675753204329.71,361011136,1871.83,639994017466.1672,5.59
Tripura,2021,1,TOTAL,13341366279.17,6045692,2206.76,12728523984.885235,4.81
Andhra Pradesh,2021,1,TOTAL,2689778680706.46,1158991880,2320.79,2619366184133.3237,2.69
Himachal Pradesh,2021,1,TOTAL,56482187637.95,30456116,1854.54,55956212435.25161,0.94
Lakshadweep,2021,1,TOTAL,108171131.66,36340,2976.64,120445271.66832155,-10.19
Ladakh,2021,1,TOTAL,3933679252.99,1101660,3570.68,4447853882.031842,-11.56
Goa,2020,4,TOTAL,27599170990.32,15205524,1815.08,13473374323.77864,104.84
Andaman & Nicobar Islands,2020,4,TOTAL,2509130625.26,898124,2793.75,1352077785.3214417,85.58
Dadra & Nagar Haveli & Daman & Diu,2020,4,TOTAL,10802044403.31,7271164,1485.6,6999156459.997451,54.33
Chhattisgarh,2020,4,TOTAL,248859897135.79,142118544,1751.07,166106979230.13632,49.82
Haryana,2020,4,TOTAL,639994017466.17,332685756,1923.72,438271801782.92316,46.03
Meghalaya,2020,4,TOTAL,7216970288.8,3016032,2392.87,4948236005.532139,45.85
Odisha,2020,4,TOTAL,713210652058.47,369299800,1931.25,489855775217.1707,45.6
Uttarakhand,2020,4,TOTAL,127170957316.44,70453084,1805.04,88414043872.02614,43.84
Jharkhand,2020,4,TOTAL,291220699320.17,157726532,1846.36,202490463280.05457,43.82
Uttar Pradesh,2020,4,TOTAL,1429715307113.07,712670068,2006.14,994759821692.2513,43.72
Tamil Nadu,2020,4,TOTAL,825892790003.98,444718804,1857.11,575365661994.6564,43.54
Lakshadweep,2020,4,TOTAL,120445271.67,46600,2584.66,85227333.23462734,41.32
Kerala,2020,4,TOTAL,227021026588.05,133152748,1704.97,160656602607.81677,41.31
Maharashtra,2020,4,TOTAL,2488622123329.18,1630484016,1526.31,1761228316049.78,41.3
Andhra Pradesh,2020,4,TOTAL,2619366184133.32,1144474208,2288.71,1868336522339.6335,40.2
Karnataka,2020,4,TOTAL,2632146794260.07,1726147936,1524.87,1882962062786.7268,39.79
Mizoram,2020,4,TOTAL,3946088462.78,1290428,3057.97,2831776702.018402,39.35
Madhya Pradesh,2020,4,TOTAL,1137100559089.49,614610164,1850.12,822806719938.1525,38.2
Nagaland,2020,4,TOTAL,11092339482.25,3391300,3270.82,8038596572.619181,37.99
Bihar,2020,4,TOTAL,955622452545.89,386366692,2473.36,693315460447.2736,37.83
Telangana,2020,4,TOTAL,2785401756907.83,1374575148,2026.37,2023844579023.4797,37.63
Puducherry,2020,4,TOTAL,19722104870.68,10864012,1815.36,14392320917.73841,37.03
Sikkim,2020,4,TOTAL,7677103220.49,2940140,2611.14,5603706914.641596,37.0
Arunachal Pradesh,2020,4,TOTAL,14281056087.38,4836516,2952.76,10439754262.23287,36.79
Tripura,2020,4,TOTAL,12728523984.89,6607560,1926.36,9367278064.863537,35.88
Assam,2020,4,TOTAL,160906445277.06,61693816,2608.15,119325565038.17627,34.85
Punjab,2020,4,TOTAL,215101625918.22,91991700,2338.27,160492368591.25354,34.03
Ladakh,2020,4,TOTAL,4447853882.03,1328536,3347.94,3341950000.232773,33.09
Himachal Pradesh,2020,4,TOTAL,55956212435.25,29089312,1923.6,42064216056.34793,33.03
Gujarat,2020,4,TOTAL,593572240449.76,311314188,1906.67,447687009938.8489,32.59
Rajasthan,2020,4,TOTAL,1544139119346.02,761133740,2028.74,1174713224649.832,31.45
Jammu & Kashmir,2020,4,TOTAL,61523623213.51,23017776,2672.87,47908919043.48989,28.42
West Bengal,2020,4,TOTAL,796661965462.59,401362580,1984.89,627253423420.5643,27.01
Delhi,2020,4,TOTAL,865060352898.17,482161668,1794.13,700655851218.6425,23.46
Manipur,2020,4,TOTAL,22408898233.84,6511408,3441.48,18463904483.482025,21.37
Chandigarh,2020,4,TOTAL,24587051605.4,11650864,2110.32,20359237413.460285,20.77
Andaman & Nicobar Islands,2020,3,TOTAL,1352077785.32,469932,2877.18,678580005.6565883,99.25
Puducherry,2020,3,TOTAL,14392320917.74,6923608,2078.73,7840123921.950365,83.57
Nagaland,2020,3,TOTAL,8038596572.62,2945276,2729.32,4550698017.391203,76.65
Delhi,2020,3,TOTAL,700655851218.64,385967444,1815.32,431493752813.3241,62.38
Ladakh,2020,3,TOTAL,3341950000.23,912888,3660.85,2095171994.6080976,59.51
Telangana,2020,3,TOTAL,2023844579023.48,945488504,2140.53,1286127357409.7236,57.36
West Bengal,2020,3,TOTAL,627253423420.56,319818016,1961.28,400397727509.4214,56.66
Kerala,2020,3,TOTAL,160656602607.82,87034720,1845.89,103576313914.40077,55.11
Mizoram,2020,3,TOTAL,2831776702.02,1018812,2779.49,1828773733.769273,54.85
Andhra Pradesh,2020,3,TOTAL,1868336522339.63,819611740,2279.54,1210334758986.2551,54.37
Goa,2020,3,TOTAL,13473374323.78,7662124,1758.44,8734465720.067087,54.26
Rajasthan,2020,3,TOTAL,1174713224649.83,596354704,1969.82,775053092013.0615,51.57
Assam,2020,3,TOTAL,119325565038.18,49590844,2406.2,79065200503.67778,50.92
Tamil Nadu,2020,3,TOTAL,575365661994.66,281111300,2046.75,383306035587.3142,50.11
Maharashtra,2020,3,TOTAL,1761228316049.78,1073243696,1641.03,1185438068637.6597,48.57
Karnataka,2020,3,TOTAL,1882962062786.73,1201442124,1567.25,1284419508080.5518,46.6
Jammu & Kashmir,2020,3,TOTAL,47908919043.49,13863592,3455.74,33062595757.034195,44.9
Manipur,2020,3,TOTAL,18463904483.48,5680672,3250.3,12795744851.222044,44.3
Arunachal Pradesh,2020,3,TOTAL,10439754262.23,3851308,2710.7,7306867331.939854,42.88
Gujarat,2020,3,TOTAL,447687009938.85,237160716,1887.69,321551385437.9625,39.23
Uttar Pradesh,2020,3,TOTAL,994759821692.25,509621036,1951.96,714976064521.1527,39.13
Madhya Pradesh,2020,3,TOTAL,822806719938.15,434319524,1894.47,591688061156.2498,39.06
Uttarakhand,2020,3,TOTAL,88414043872.03,47275740,1870.18,64376750808.404076,37.34
Haryana,2020,3,TOTAL,438271801782.92,231752716,1891.12,322845059695.76276,35.75
Jharkhand,2020,3,TOTAL,202490463280.05,108273892,1870.17,149944807903.6944,35.04
Bihar,2020,3,TOTAL,693315460447.27,286014992,2424.05,515226094515.37604,34.57
Dadra & Nagar Haveli & Daman & Diu,2020,3,TOTAL,6999156460.0,4553248,1537.18,5209505815.552232,34.35
Odisha,2020,3,TOTAL,489855775217.17,264135316,1854.56,366932146448.38617,33.5
Sikkim,2020,3,TOTAL,5603706914.64,2385740,2348.83,4218475153.045066,32.84
Punjab,2020,3,TOTAL,160492368591.25,68838292,2331.44,121138617008.85458,32.49
Tripura,2020,3,TOTAL,9367278064.86,5271540,1776.95,7076703534.343848,32.37
Chandigarh,2020,3,TOTAL,20359237413.46,8632344,2358.48,15388062918.760302,32.31
Himachal Pradesh,2020,3,TOTAL,42064216056.35,21959504,1915.54,32147619050.175743,30.85
Chhattisgarh,2020,3,TOTAL,166106979230.14,96594156,1719.64,129073528827.60542,28.69
Lakshadweep,2020,3,TOTAL,85227333.23,34356,2480.71,67771688.3437776,25.76
Meghalaya,2020,3,TOTAL,4948236005.53,2390316,2070.12,4614940617.353587,7.22
Jammu & Kashmir,2020,2,TOTAL,33062595757.03,10540024,3136.86,11750572706.136068,181.37
Ladakh,2020,2,TOTAL,2095171994.61,620040,3379.09,1510558709.782974,38.7
Arunachal Pradesh,2020,2,TOTAL,7306867331.94,3235096,2258.62,5527034725.320587,32.2
Nagaland,2020,2,TOTAL,4550698017.39,2070264,2198.12,3579120114.93748,27.15
Lakshadweep,2020,2,TOTAL,67771688.34,28880,2346.67,54009474.29801683,25.48
Manipur,2020,2,TOTAL,12795744851.22,4332272,2953.59,10394361523.507774,23.1
Andhra Pradesh,2020,2,TOTAL,1210334758986.26,579671420,2087.97,1010948857156.2512,19.72
Bihar,2020,2,TOTAL,515226094515.38,213546968,2412.71,437027414108.9844,17.89
Madhya Pradesh,2020,2,TOTAL,591688061156.25,305362292,1937.66,506949125744.7769,16.72
Mizoram,2020,2,TOTAL,1828773733.77,793848,2303.68,1568310317.3985484,16.61
Jharkhand,2020,2,TOTAL,149944807903.69,80566044,1861.14,134444928613.07521,11.53
Tripura,2020,2,TOTAL,7076703534.34,4210080,1680.9,6355115225.554009,11.35
Himachal Pradesh,2020,2,TOTAL,32147619050.18,18782920,1711.53,29677867004.49075,8.32
Andaman & Nicobar Islands,2020,2,TOTAL,678580005.66,251848,2694.4,645905249.1890986,5.06
Uttar Pradesh,2020,2,TOTAL,714976064521.15,403407860,1772.34,689665739842.7947,3.67
West Bengal,2020,2,TOTAL,400397727509.42,230707188,1735.52,386613220763.7527,3.57
Meghalaya,2020,2,TOTAL,4614940617.35,2541580,1815.78,4480539363.631257,3.0
Rajasthan,2020,2,TOTAL,775053092013.06,407818624,1900.48,761232954244.0322,1.82
Sikkim,2020,2,TOTAL,4218475153.05,2070924,2037.0,4213905087.7776084,0.11
Odisha,2020,2,TOTAL,366932146448.39,200114304,1833.61,367827192797.3326,-0.24
Uttarakhand,2020,2,TOTAL,64376750808.4,36191080,1778.8,64632321035.950294,-0.4
Haryana,2020,2,TOTAL,322845059695.76,167124200,1931.77,327904858232.97626,-1.54
Chhattisgarh,2020,2,TOTAL,129073528827.61,75283700,1714.5,131442390685.42493,-1.8
Kerala,2020,2,TOTAL,103576313914.4,65151868,1589.77,105804339323.73701,-2.11
Dadra & Nagar Haveli & Daman & Diu,2020,2,TOTAL,5209505815.55,3892608,1338.31,5371053477.170072,-3.01
Punjab,2020,2,TOTAL,121138617008.85,56325176,2150.7,125496741063.59866,-3.47
Assam,2020,2,TOTAL,79065200503.68,42020796,1881.57,82673713390.91698,-4.36
Maharashtra,2020,2,TOTAL,1185438068637.66,739163044,1603.76,1279980786872.382,-7.39
Gujarat,2020,2,TOTAL,321551385437.96,189680740,1695.22,347980306487.6125,-7.59
Karnataka,2020,2,TOTAL,1284419508080.55,852886848,1505.97,1413608219997.5913,-9.14
Puducherry,2020,2,TOTAL,7840123921.95,4133532,1896.71,8821109908.318333,-11.12
Telangana,2020,2,TOTAL,1286127357409.72,608220572,2114.57,1485375121472.8645,-13.41
Tamil Nadu,2020,2,TOTAL,383306035587.31,207480440,1847.43,466278744717.76154,-17.79
Delhi,2020,2,TOTAL,431493752813.32,264168072,1633.41,534466174570.3603,-19.27
Chandigarh,2020,2,TOTAL,15388062918.76,6112040,2517.66,20505812280.0648,-24.96
Goa,2020,2,TOTAL,8734465720.07,5928368,1473.33,13641484927.695051,-35.97
Andaman & Nicobar Islands,2020,1,TOTAL,645905249.19,165192,3910.03,,
Andhra Pradesh,2020,1,TOTAL,1010948857156.25,510709428,1979.5,,
Arunachal Pradesh,2020,1,TOTAL,5527034725.32,2268700,2436.21,,
Assam,2020,1,TOTAL,82673713390.92,35235440,2346.32,,
Bihar,2020,1,TOTAL,437027414108.98,180327260,2423.52,,
Chandigarh,2020,1,TOTAL,20505812280.06,9050044,2265.82,,
Chhattisgarh,2020,1,TOTAL,131442390685.42,78095964,1683.09,,
Dadra & Nagar Haveli & Daman & Diu,2020,1,TOTAL,5371053477.17,3514316,1528.34,,
Delhi,2020,1,TOTAL,534466174570.36,326990416,1634.5,,
Goa,2020,1,TOTAL,13641484927.7,7524948,1812.83,,
Gujarat,2020,1,TOTAL,347980306487.61,189305668,1838.19,,
Haryana,2020,1,TOTAL,327904858232.98,176144348,1861.57,,
Himachal Pradesh,2020,1,TOTAL,29677867004.49,16577920,1790.2,,
Jammu & Kashmir,2020,1,TOTAL,11750572706.14,3686520,3187.44,,
Jharkhand,2020,1,TOTAL,134444928613.08,73130852,1838.42,,
Karnataka,2020,1,TOTAL,1413608219997.59,1084135560,1303.9,,
Kerala,2020,1,TOTAL,105804339323.74,62934088,1681.19,,
Ladakh,2020,1,TOTAL,1510558709.78,465676,3243.8,,
Lakshadweep,2020,1,TOTAL,54009474.3,20604,2621.31,,
Madhya Pradesh,2020,1,TOTAL,506949125744.78,317466984,1596.86,,
Maharashtra,2020,1,TOTAL,1279980786872.38,955776324,1339.21,,
Manipur,2020,1,TOTAL,10394361523.51,3275204,3173.65,,
Meghalaya,2020,1,TOTAL,4480539363.63,2009132,2230.09,,
Mizoram,2020,1,TOTAL,1568310317.4,614436,2552.44,,
Nagaland,2020,1,TOTAL,3579120114.94,1512204,2366.82,,
Odisha,2020,1,TOTAL,367827192797.33,214729228,1712.98,,
Puducherry,2020,1,TOTAL,8821109908.32,4831684,1825.68,,
Punjab,2020,1,TOTAL,125496741063.6,60871136,2061.68,,
Rajasthan,2020,1,TOTAL,761232954244.03,409035248,1861.04,,
Sikkim,2020,1,TOTAL,4213905087.78,2112472,1994.77,,
Tamil Nadu,2020,1,TOTAL,466278744717.76,267813892,1741.06,,
Telangana,2020,1,TOTAL,1485375121472.86,797638100,1862.22,,
Tripura,2020,1,TOTAL,6355115225.55,3698008,1718.52,,
Uttar Pradesh,2020,1,TOTAL,689665739842.79,388956528,1773.12,,
Uttarakhand,2020,1,TOTAL,64632321035.95,36527136,1769.43,,
West Bengal,2020,1,TOTAL,386613220763.75,265001524,1458.91,,
